CGTTATGACCAAAAAATAGATACTGTGACTGAACTCAATATATAGATAATTACCATATACAGACGGTTTTATTTATGCCATTGTTATGTTCAGTTGACTGCGTACTAAATAATATATATGGACACCGACTAAATTCAAGTTGGTGACATATTTTCTGA	1
TTTCTGGTTTAATATGCTTAGTTCAGGGAAGGTATATAAACAAGGATTGTTTTCCTTTCCTAGTATGTGTGAAGAATTCTTTTTGGATTCTAATAACTACTGTCCTGTTCGCAGGTAAAAGTCCTCGTTATCATTTTGCTCCCTCCCCCTAAATGAGGGAGCTTTT	1
GTTTTATATCATAGGGCAATGTGGCGAGGAGTGTAGCCCTTTACAGGGATGGTTTCCTTAT	1
ATCTGATAATTTTCGTATTTCAGAAGATTGATTTTATCGTTATTCTATTATCTGGATTGTAAATTTTTAGTCATATAGAAAAAAAGATAGCAGGTTTTAATATCTGCTATCTT	1
GATGGAGACCATAAAAATCTGTGGGGCAATCATTTAC	1
CCGCAGGTGAATACAACGTTGAGCGATAAACGTTGTGCTCCATAATTGTAGTTTTTTCACATTAAGTTTGATACCCATCGGGTTTATACAGAATGATTGATTATTGCCGATGCCAGTTTAAGTATCGGCTATTTTTTTTGTTGCTGTAGGGTGGGTAACCGGTTCAGTTA	1
ATTATCAATTGGTTAATGTTATTTTTTGTTTGGGGTTCTAGCTGTAATATATCAAATTATGACACGCATATTAATCATTAAAATCAACATTTGTTTTTTTATATGTTGATTTTAATGATTGTATAGTGTATTAATTTCACTACCAAAACATAATTTAAAACTGGTACTTTGCCTGAACGTTAATCTAAGGGAATCATTTTTCCCTTTATATAGGCAAGTTATTTTCATTATTTTGAATAGATAATTTTTACTCGCCCACACCAGGGACAATAAGTTTGTTTTTTGTACTTATGCTAGTCGGTTTCTTAGCCAGAATTCTTGGTTAAGAAGCCGTCTATCATATCTTAATAGATTTCAAATAGTTAGATGCAAGGAGCTTGTCGTACTAGATCCTTAGCA	1
TCAAGAAAAAAGTACAAAATTTTTTTCAGGAAGGTGAAATTGAAGGTTAGCTAGTATAGCTAAGATCACCGCTATCCAGTAGGAGAGATATGGTTTGGTTGGGTAGCGGTTTTTTTTTGA	1
ATATTTGATTTTATCAGGTGTGGATATCAAATAAATCTCAAGTTGAGACTTAGCCAACAGAACAGTCACTTGAACGCAGTTATAAGTATAATTCATTTTATGCTTTTGTTCTTTTACCGTTGTTTTGCAACTTGAAATACATCAGGTATATACCCAATGGATTTCAAGATGCAGCGCGACGGCAAGGGAATGAACCCCCAGGAGCATAGCTAACTATGTGACTGGGGTGAG	1
ACTGAGTTGTAATAACCATTCAGCGAAAATTGTATACACAATGGATTTCAAGTTGTATCGCGACGGCAAGAGAGCAAATCCCCGGGAGCATAATAGATAACTATGTGACC	1
ATATTAACAATAAAAAGGATTTAATCCTGACAGGGTGTTTTGAACAGATACAAGCGTGATAAGGTAC	1
TTATCAGCCCTGAAAACGAAGAACTAAAAAAGTTTTACTGTAAGACTAGGAACCACCTCCTTGGCTAGCTCAATCTCCCTTGGGCTGGCCTTTTCTTTT	1
ATAATATCACTCAAATGACACAGGATAAAGTTAAACTGACAAAAAGAAGTCTCAGGTACGTATATAATCACTGACGCGCCGCGATGCGGCTTGTCTGCTGACGATGGAATACAAAACAAAAAAACGTTTTGCTTTCCATCGTGCAGCGTCATG	1
GCATTGATTTTATGAATTTTACGACTGTAGTACTAGGTATGGGATAACTTCCTGCTT	1
CTTAAATGTTAATTTTTTGATTGTATTACTTACTATTGCAACTTTTACTTATATGTTAGGTTATATATCTCAGGTTGAACTCTTTTAAAGACTAGGATGGTAATTTTATGTCATACATGATTTATTTATC	1
TTGCTTGAAAAAAAAGTATTTTT	1
ATGATTTGGCACAGTGTATGCAACTCGCCAGCCCCTGAGGGTTTTTAAGCCCGTTGAGGAGCTATTGACGCATACACTGA	1
AAGCAAAACAGTATATGGATGAAGAATTTCAGCGCCCGTTTCAATTGAATGAAACGCTGTGGCGGGCTGAATTATTACGGGTAAGCAATACACGCTGGTACTGGCAATTTTGCTGCCATCATTTGATCATTGATGGAACGGGTTTGTTCATCCTTTTTAAGGATGTTATCGACACCTACAATCATCTGGTACAGAATAAAACACTGAGCAGGGAAGCACTCTCTTATTTGGATTTCATCGCAGATGACCAGAATTACCTCGCTTCCCCGGATTATTCACG	1
AAGTGTGCTCAAAGAGCAATTCTGACCATCACCTGACTTGACATCAGAATCAATTACTGAAATCATTACTTTCAACGAAAAAAGGTGAGCACAAACTGTGTTCACCTGACTTCGTATAGAGTGGCTGTTTTTAGTTTATTAACTTACGCAAAGT	1
TGAATTCTTGTTATTTTGGACTGTATCTTAACCTTAAGGTAGGGGGAATATA	1
CATAGTAGTTATTTGTTCACGTAAACTAATAGTGTTTTCTTATGTGTGAGGTTTTTATTTTAGACGGTGCTTGTAACGAACAGTATTTGTAACATCAGGGAATAATACCAAAATTAATAATTATAATAAATACAGATAAAGACTCTCCATTGCCAACAGCCCTATTTATAGGGCTTTTTTTTTT	1
TTCAATGGTGGCAGGTATATGACAAGCTGAGATAACACGCAGCAATAATATGAACAGCTCACTATTGTGGGCCATTTTATTTATAATTCGTGACGTGTAAAGGTAATGAACAACCCCGCCGCAAGCAGCGGGGTATCTC	1
TCAAAGGTCAGTTCTGACAATTCCCTGACTTGACATCAGAATCAATTACTGAAATCATTACTTTCAACGTAAAAAGGTGAGCACAAACTGTGTTCACCTGACTTCGTAAAGTGGCTGTTTTTAGTTTATTAACTTACGCAAAGTGATAGAACATATTTGTTAACATTTGCTTAACAGCAC	1
CTTTTTGAAAAAAAACAAAAATGGTTTT	1
TGTTATTCTTTTTATCCCAATTATCTTTCGTATTAGGGGCTGTTGACGTTTTGAG	1
TTATTGTTTTGGTGAGTTTTAACGGAAAATCTAAAGCATTATACTAACAATAGTAGCTATCGTCGTTTTTTCCACT	1
TGACTTTGACTTTAATTCTTTGACCTATGCGCGTTTACGAGGTGCGTGGTTCGACGACTTTCAGTCG	1
TTTTATGTCGTTTGTTCTGGATATACGAAAACGCTTAATAACACAGGGTGAGAGCATGAAAGGCTTATTTTCGATCAAATCGAGCAAATAAAATACTAAGAAATGTCTTAACA	1
TGTATACCTGACACCGGATCCACTGCAGGGCGCGAGCATACTTTGATTAATATTTG	1
AAGTGATAACTCTTAAATATACGTCAAGCATACGAGTTAAAACGAACAACATTATGAACATTTCTGTCCTAGTGATTAGCCTAATTATTGTGAGTGTGGTGGTGATTATTATCCCACCGTGCGGGGCTGCACTTGGACGAAGGAAGGCTTAGACAGAAAGATAGCCAGATTTCACAAAAACCCCCCGCACCGAAAGGCGCGGGGGGTTTTTTTT	1
ATACCATGGGTTGATATTTTATGCTATAGGCATTAGACTGACTATGTTGGCTTAGAGATATCGCGCTATCGTCGAGGCTACCAATCTCGTAAATAGCACAGCGAAAGACAAACTCATCAGAAGTAAAAACAAAAAAACCAACCTCACCAGTTGGTTTTTTTGTTTTCATCTACTAATCAGTTTAATTGATTGAATCATTTCAAAATCAACTTATAATCTATCGTTGTTGGCTAGACAAGAGAACTGGTCGCGCGAACGTTTGATATATAGAAAAGGAATTCAGCGTTTCGTAAATTCTGCGGGACGTACAAAGCCCTGACTGAGTACAGGTGGTGCTGGCTCAGTGCCTTGACCAGAGCGCGATATCTCTAAGCCAACACTGACGAGAGCCAACCGGACAGGCAGTGTAAAGGCAATGGCTGGTAAGTCGTGCTCCTTAACAGGAGTAAACGGGTGAGAGCATTTATTGATACTGCAATTATCGTTCTCAAGGCGTTAGTCGCATTTTTAGAACTGATCCGTACATTTCTGAAGTAAAATAACGGAAACGTAGATAAGGCCATCGGGTTAACCGCCCAGTGGCCTTTAACA	1
AGTAGTGCTCCTTCCGTCCTCTCATCACTTACTGACACTGTGTCCTGATATACCTTGCAATCTCAGGATTATCTGTTCTGAGGTTGCAAGGCGTTCTC	1
CAATTACTGAAATCATTACTTTAAACGTAAAAAAGGTGAGCACAAACTGTGTTCACCTGACTTCGTATAGAGTGGCTGTTCTTAGTTTATTAACTTACGCAAAGT	1
TGTAAGGTTCGAATTAATGACGCACTGTAAGGTAAAGTGTGTGCGTTGGTTATGTGGTTATGAAGTACAAAAAGTGATGATAA	1
GAGTTATTTGGAATATCTGACGATTGAAATTTATGACTATTTTTCCCTTGTCTGTCTTATCTATTGCATCACTCTAATAAGTTGTTGCCGTAGTTTCCCGCCTGTCAGGGGCGGGTTTTTTTATT	1
CAAAGGATTTTATAACTATGAGGAGACAAAGATGCATACTTGAAAAGTA	1
TTTGAAAAGACTATTTTAATTAAATTTTCATTGTCAATGTTCAGAAGAAAGGATTAATATTCTCCTTGTTCTGATTGAGGTCAGAATATAAGGGAATAATGTAATAACAAGGATGTTATTTA	1
AACAATACAATGCTCATTTACAGAAGATTATTTCGCTTAAAATAACAGTCTTTTTTTGACTCTTAAAACAACTTTAGGGAATATTTGGCTGACAAACAAAATCCTCCCTTGATGTAGAGAGGATTTTTTT	1
GATCTTTATTGAATTAAAGGTGATCAATGAAACTGAATAAATTCTGTTTCTAATATTGTTTTTGGATGATAGTATTTTTGAGGAAGAAAAACCCCTCCCTGTATTTAGGGAGGGTAAGAGCGAAATAAGAAGTAAATGAGGGTGTACTAAACGTAAGATATTCGAGTACTCGTAGATAAGGTAGACCTAAATAGTCGATGATGCAATAAACCGA	1
GTTAGGAATATATAATCTATGATACAAAATACATAATAAAACGCCATTTTAAAAAAGGATAAAGAACTCCATCTTTAATGGTGATTAACTGTATATTCTGAAAAAATAAAATCCGTTAATTTTAACTCATACCCAATTAGTTTGTAGATGCAGATTTTGACATCTGAAAGCGCTCATTTAACCGACCGATAAGTTCACTCACTCTTTGTGT	1
GTATATAATTACTCAAGGCTGTTTTCATGACGTATACTAATACGCTATTTTGTTCTTTTTTAGCAAAAACCGCCGTAAACCGTCGTCCAATGCGGGCGGCGATATAAGGGCTG	1
GATTCGAACAGACAGGGTTAAATACCTCAATTTAATCTTTAATCAAATGTGGAAACACAGCGGCAAAGGATTGCCACCCGT	1
TATACGCAACAGCTAACCTGAAAATATGAGGTGGTGATCACATGCCATCTCGGTTTCGAGGATCATGCAGAAATTCCGGCTACCGGGTGTGCGCTTGAAA	1
TTTCTGACTGCGGCTTAATGGGTATAATCGTGGTCAAGTACACCTGCCACGCTGAATCTTTCATTGAGAGAATGCGCAAATAGGCAGGTTTTTTT	1
AGGAGATGTGCCCTGAAATATAAGGATAGTAAGTACAAGTTCCTAAACTTTATAAAGTCTACAACGAACTTAAAAAGTTACAAGTACACTGTGACTCGTTGCACAAAATTTTTAATTATGACTCTACAAAAATTAGCT	1
TGATAAAAAGACTTTCAACCGTCCTGGCAGAGAACGAACTTC	1
TGAGAACTTTCCCACCATCACGTAGTCTTAACTATTGCCACTGCTTTTCTTTGATGTCCCCATTTTGAGGAGCCCGGTAGTCATCCACTTTGGTTAAAGGCTATCGGGTTTTTTGT	1
TATACCATTAATTGTTTATGGTGCGAAAATAACGAAGCCCCGAAGTGCGGACACACTATCGAGGCTTCTGACCACAACATTATCGGAGCTAATGCTATGGCTGATACACAGTCTAACCAAACTTGCCCTAAATT	1
CCGCGCCGGAGTTGACCAGACAGTCGCTGCTTTACCGCTCTCCTTCGGGGGAAGTAAAGGGGAGGAAAGTCCGGGCTCCACAGGGCAGGGTGCCAGATAACGTCTGGGAGGTGAAAGCCTACGACTAGTGCAACAGAGAGCAAACCGCCGATGGCTCAGCTTGTTTGTAAAAATAAGTTTGGGATCAGGTAAGGGTGAAAGGGTGCGGTAAGAGCGCACCGCGCGGCTGGCAACAGTCCGTGGCACGGTAAACTCCACCCGGAGCAAGACCAAATAGGGGTTCACATGGTACGGCCCGTATCGAACCCGGGTAGGTTGCTTGAGCCAGTGCGCAAGTGCTGGCCTAGATGAATGGCTGTCCAAGACAGAACCCGGCTTATCGGTCAACTTCACAAATTTAGCCCTATAGCGCAAATGCACTGTAGGGCTTTTTTCTTTT	1
CTGGCATTTGATTTAATTTGAATAAACTACTGCCGATTGATTTAAACCAATCGGCAGTTTT	1
TGAAATTCCGGATGGACAAACAACGCATTTTAATGATCCGCACCAT	1
GTTAAGGCGTTAGCACAGATATTTGAACAAACAGAATAACCAAATTCTTGGTTAGAACGAATATTGAAGAGAATGCTGGATATAGTAAAAAACGTCACGAGGAACTCCGGTTAAAAAAAGTT	1
TTTGAAAAAAAAAAGCCCTATAAATAGGGCTGTTGGCAATGG	1
CTGATTTTACTATTATTACGGCTGTAGTATTAAGAGCAGGTTTCCGCCCTGTAGTGATAGTAGCTCGCTCTCAT	1
GTTGACTGATATTGGTATATTACAAGAATTGACGGTAGGGAAGGAGAAACTGTTTGTGCACCTGAAACTAATGCAGCTAATGACTCAGGATACTAATGATGTTGCAGGTTATGTTTAAATTTCCTGCACG	1
CACAATGTTTTCAAATACACAATGTTTTCAAATACACAAAGTTTTCAATACACACAGATCCTGTAGACCAGATGACGTTGCGCTTACCCGGCGCTGCAAAAGCGCCGGGCA	1
TTTTGGTTTGATTCAATGAATTAAAATCGTAGATGGGTAAAAACAAAAAAACCAACTGGTAAGGTTGGTT	1
ATTTAATAGCTTGATATTAATGGATTTGTCAACTTTCAGTTTGATGAGATAACATCAAACGTCTTTATCAGTGCGCTTTTTATCATGTCGAGAGCTTTGTGCGACCTTTGCCAGCTACGATATGACGGTATGCCATTTGGAACATTTGGCATCTTCGGCATTTTCGAATAGCGGCATTGAGAGCAAAAAGATGAGCGGCGTCACTTGTGTAAAAGCGTAGCGATTACCAAGTGACGCCGCTAGGCGT	1
ATTGTGTATTGTAACTGGGAAAATTGCCTGATTACCACTCGGCATTCATGTTATGAACCGAACGGAAGCATTTTTCCTGA	1
TAGTGTACTTTTATACACTAGATCATCCGACAAAGCGGTGAGCCAATCGTCTTAATAATATACGTAAAATTAATGAGGGATAAGACCAGAACGGATGTTTGGGTCAGCCATCGGGCTCACCCAAACATG	1
CTTCCTAAGCCGGAACGAAAAGTCTCTTTGTAGCGATACGCTGAAACTTTTGGCTTTGTGGTTGTGATGTTGTGTTTGCAAGTTGTCTGGGCCAACCAGACTTTGTAGCTTAAGCTACTGTTTTTTTCACTTCCTGTACATTTACCCTGTCTGTCCATAGTGATTTTTTTAATGCACCGCAATTGCGGTGCTTTTTTTCTC	1
ATAGAATAGCGACGAATTGTTAGGAACAACCTAATTTTTGCCTGACAACCTGAGAGTTATGATTAAATCATGAACATCGAGAACAGAGCTATGAGCGCAATTGTGAATTTCCTACTAAGCCTAAACCGACTATTTTAATGGGTGGCTGCGTTTATCTGTTTTACTTATCAAGCCACCAGCCAGGTGGCTTTTTATATATGTAACCTGCTGGTGGAACTTTTTTTAACCGGAGTTCCTCGTGACGTTTTTTACTATATCCAGCATTCTCT	1
TATTAAAAATTGCCGTTAAGCTACTTTCTGAAAAACATTACGTTTTGGGAGATAATATTCAGGGGAATGGTGTTCTGGTTAATCGAATTCGATTAGCCAGTA	1
ATGAATAATAAATTCTTATTTATATAAGATAATATTATTAGCCGGACACTTGCCAGTTTTGAGTGTCCGGCTTTTATTTTT	1
TTGGCCGGTGGGAATGAACATGATGATGAATGTAGTCTGCCGGGCAGTAACCTGAAATCTATTGGGTGGATATGGAAATGTAAGCCGGAGTTTTATCAATGCTTTTCCG	1
AGCAAAATCTAGTGGTCAGGGATTTGCAACCCTGAGTCAAGAACACTGGTAGGATGTTTCTACCAGTGCGCCTGCTATCACCCTTTCAATGGTGGTTCAGGTAGGGGAGGCTTCGGCCTCACCGGAATCTTGACCCGGTATTGCAAACCCTGTCTGAATCACCACCAT	1
GAAAGTTCCTACCAGCGTGTTTGCTTACGCCCTTTCAATGGCGGTTCAGACTGGGGAGGCTTCGGCCTCGCCGGTTGGGTATTTTCCGGTAGTGCAAACCCTGTCTGGATCGCCACCATC	1
AGGATGCCATATAACCAATAATGAAAGTGATTGAAGGTTATAGATTCAGCGCTTAAACCCAAGCCAAGGATGGCTAAAAACTAAA	1
AGTTCCCTTCCCTTAAGCGAAGCTCAGGTTATTTATATAAAGCCCCTGTAACTCACATTACAGTGGCTTTTTTC	1
ATGTATGTGGGCGATAAAATTGGTCATACGATTGCGTCAATGGCAGGCATGAGTACTGTAGCGACAGAAGGTGAAAACCCTGCCAGAGAGGGTGATGCGATTGCCCACCAGAACAAAAGTGCGGGGCTGTGGGGGGCATTGGGCGGTATTTTGCTGGGGGCAGTGGTGGTGGGTGC	1
TCATAGAGTTGAGATAGATTCAGGATTGTTGTGAGTAACGTAATTGGCGTTAGAGCAAAACAGAAAGAAAAAACCCGTCGTTCCCTGATTGAAGCGGCATTTAGTCAACTTAGCGCTGAACGTAGTTTCACCAGCTT	1
GTTTGTTTTCATCTGTAGATTATGAATGGATGATTGGGCAAATTGACAGAATCAGGTCTGAATTAGTACAGCTAATGTAAAAAATGGCGGCT	1
TAGGGTAAAGTTGCCGGCGTAGGGTACAGAGGTAAGATGTTCTATCTTTCAGACCTTTTACTTCACGTAATCGGATTTAGCTGAATATTAGCTGCCCCAGTCATATTTTTTGACTGGGGCGTTTTTTTATGT	1
GATTATCTTCAGATAATATTAGAATTCATATCGTTCGCCTTTCCAGTAGTGTCATACCACGCTACTGGAAACACTTTT	1
AATACACTGATAGTTAAAAATCGATTAACAAATTTATAAAGGTTAGCTCACATGATTCACTCCATTCGCCTACTAAGCCTACTACTCACCGCCTTTAATACGCGCGGTAGGCTGGTGGGTGAAAAACAAAACTGAGTTGACCACCATCAGAAAGAAACCCGCGCACTGCGCGGGTTTTTTTTTACCTGCGCAGCGCCTAAAAAGACACAAC	1
AAAAGCGAATGGATTTATATGGGATTTTACTTCTTACGGAAGACAT	1
TGGATGACTTGAGAACATTTCAACAAGCCATGAATTGAAGTGGATGTTAAGG	1
TTTAGCAGCCTTGTGTTCACTGACACTGGTAGGATGTTTCTGCCAGTGCGCCTGCGCTTACCTTTTCAATGGTGGTTCAGGCAGGGGAGGCTTCGGCCTCGCTGGTGTGAACCCAGTCTGCTAACCCTGCCTTGAATCACCACCAT	1
TGCTTATCCACGAATAACAAACGTTCCGAAAGCTGCGTGGCGTCACTTGTGTAAACGCAGCGCGATTACCAAGTGACGCCGCCAGG	1
CTTCATTGACAAAACGCGGCTGATATAATTTGGTTGTGTCTAAGCCACTGTATAAAACGTACAGTGGCTTTTTTGTA	1
AAAAACGAAGAAATAACATCAATTCAAGCTGTTCCATGTGTTTATTCTCTATTGAGAAGAGCAAATACGGCTGTAGTACTAAGAAGAATTGTCAAAAAAGCGGTCATTATACTGAAAATTATAACTGGAGATAAG	1
TAATGACACAGTAGACAATCAACACATAGAAACAATTAAAA	1
ATCTATGATAATTTGCTGAACTGAGATCCTTTGGAGACTTTTCCTTGTTTGTATAA	1
ATGACCTTGCTTGAGGCACACTGTCGGTATGTAAGGTTAAACAGTATTCAATACACTAGAATTGACGTATCTTCTTGTTACGACTCAAAAGAATTGCTAACCTGTACCTGCTTACTCACCATCATAGATGGTTACATGGCTGTAATGGCTAAAAAAACTCCTGTAGCCTGAAAGGGAGAGCTAAATTGCGGTACATC	1
CTTTAAGGCAGAAAATCGAACAAAAAAGGGCGAGCACAATACTATGACCATAACATAACTATGACCATAACATAATCTGGCCCGTTGCTCTCGGA	1
AAATGCGATCTGCATTGCAGATAGTGATTCAGGAAAAATAAAAGAGATAATTTAACGGATTTATTGGCTGAAAAAATGGTAGAATTTTTATGCTCTAAAATTATCTTATAAAACAGATGGATAAAATTAGAGTGTTCCCCGTA	1
TATCACTGGCGACGATTTATGACCTGGACTCAAGAGACAATGGAGCATGAATTAAATACGTTATTGGGCGGTTATGGTAACCAATTTGCAAT	1
AATACAGAAATAATTTCCGAACTAATTCACCCTATTAATATTCGCGGTACAACATGGGTTATACATTTATGCTGC	1
TCGTATAAGGTTCTAAGGACGGGATATTAAAAAAGGAGTGATGTGAGCATGGTGGGATGTGTGAATTTTGCATAATGAAGTTGTGTTCCTGATCATTACGCCTAACATTGACTTGTTAGGCGTAATGATCAAATGATATTTGTGCTACAGTAAAAGCTATTGTGATTAGCTTATTATTTTTTCTGGGTGTCTTATTA	1
AAATAATTCATTTATAAGACTAGGCTATTTACTGAAGCCACCAAAAGGGTGGTGGCAT	1
ATTATACCCTATGGATTTCGAATTGCGTCGAGGCGGCAAGGGAGTGAATCTCCGGGAGCATAAATAACTATGTGACCGGAGTGAGCGAGTACAGCCAACAAAGATGCAATTTGAAAGACGACGGGTATAGTATTTCATGTTTTGGATTA	1
TATATTGATTTTGAAAATCGCAATATAATCGCCTATAATGAGAACTGCACTATTGCGGCAGCCTCTACTATATTAGTATAATTCAATATATTTAATGGTATATGTAGATATGATTACTCTTATAGTAAAGTATCAGGCTCCTACCTGAAACTAGACTTTACTAGAACTGAGCGTTTTTACAG	1
ATGTTGTTAACAAAAAAAATTCACATATTATAGATTCTTAAGCGGAATGATTTTTAGTATGTAATGAAATTTGACTTAGGTTATATTATGTAGGATTATGTTTACAGTTTGGTATATTTTGTCCAGTTTACAACCCCAAAAAGGACATTAATAA	1
ATATTATCTTTAGTTATCATAACTATTGATTTTAATTAGATTATGGATAGGGTTTAAAGCGGATATTGTGATCGGATAATTCGCTGTTTGAAATGATTTTTACGCATGAAAAAGGCCACATAAGTGGCCTTTTTCA	1
GCCCTCTGTGTGGTCAGTCAGCGCATACTCGTAGCAGTTTCGAGCATTCAAGCGAAACAAAGGAGCGCTATAACCAATGTCAGAACATTAATTGTGGAGCAACGTTCGTCAGCCATGAAACCTTTGTACGTTTCATTTCTAAGCCAGGTGAAGTCCAGAATGTCACGCCGCATCCAAAGGCAAAAACGAAGAGACAGCCTCGTCAGAAAGCAGCTGCCGCGCAGTAATTAATCGAAAAAGATAAATAACGAAAAAACATTGCTCCAGTTTTTGCCACCGTTATGGTGGCTTTTTTGTGGATATTGGATTTGTCTGGTTCTCTTATTGAG	1
ATATTTGTGTTGGGTGGTGTAGTGGCGTTCTGCCATATTGCA	1
CTTAAATCGTGATAATAAAACACGCAAAAAGCAATAAAGATATGTGAAATTAAACAGATAGGGACATCAAGGAAGCAAAAAATGCGGGAACATCAAAA	1
AATCATTAACCGTTATAACTTCATTAATAAGACATATAAGTGAAACTAATGAAGGTCTTACTTAGAAATCAGAGAAAATAAGGGAGCTTTTTTATAACAAAGGGCTATTTCTAGCC	1
TTCAAGATGCCGCCAATAAAGCGGCAACTTAAAAAAACGAAAGATATATACCCAATGGATTTCAAGATGCAGCGCGACGGCAAGAGAATGAATCCCCAGGAGCATAGCTAACTATG	1
CTAATTATTATGTAACATGCTACTCAAGTAGCTGAGAGCGCGGGATTGTAGAGTCGATTTGTCGTAATGACAAATCAGACCAGTGCATGAAGTATAGGCCTGAC	1
CTGTGGGGGATAATAAATAATTATGACTAATTAACAGCGATTGTTATCAAAAAATTGAAATTGCATTAAATTTTTTGAGTTTATATGAGACACAGAACACGGAATGAAAAAGGGATTAATCATAAAAAGGGCGTA	1
TTTCAATGGTGATTCAGGCAGGGGAGGCTTCGGCCTCGCCGGATGGTTACTCCCGGTCTGCTAACCCTGCTTTGAATCACCACCAT	1
AACTTGAATTTAGTCGGTGTCCATATATATTATTTAGTACGCAGTCAACTGAACATAACAATGGCATAAATAAAACCGTCTGTATATGGTA	1
ATACTTATAACTGCGTTCAAGTGACTGTTCTGTTGGCTAAGTCTCAACTTGA	1
AAATGAGAACGCTTTCATATAAGCAAGAAATCAGCAGATAACAAGCAGCGGGT	1
CAACAAAAATCAGGAAGATGGAAACAATAATATCGTTTTACCTATGGCAAGGTATTTTAAATGGAAAAGGAGCAAGTAATCGTCGGCACGAAGTATTTCCATTTAAAGTCGTTAGAATTCATGCGGGCTCGCAGAAAGAGATAAATTATC	1
TTTGATCCAAAATGTGCAGGCGGGTGCGGTGTAGTCCGTTTTACGTCGGGTAACGAACTTGAAGAATAAAAGAGCGGATAATGTTGCCATTAAAAATTATGGGTATAATACCCATAAATATATTGACCTATCGATTTT	1
CTTCAGGATTTTGTTTGTAACTCTGGAATAGTGGGTATTATGACAAAATTTGGAGTGTCTTGCAGAAATAATACTTACCCAGCCAAGAGAAAAAGGGCAATAAAATATGTCCTTTTTCTCTTTATTTTTTAGACTGTAAATTTACTGGGTATATTAGGT	1
GATGATATGAAACGACGACAAGCCTTTAAATTCCAGTTAAGACCTAATGGTCAGCAGGAGCGTGATATGCGACGCTTCGCAGGGGCTTGTCGTTTTGTTTTCAATCGGGCACTCGCTCTCCAGAATGAAAATCATGAAGCGGGGAACAAATA	1
AAATAATCCATTCCTGTGGAGATATCAGGCACATAGCTGAAATCCCTTCTGCCAGCAATTATTGGCTGACAGAAGGGATAATAGGGAATATGACGG	1
TTAAAATCAGGAATGGGGTGCGGAATGACGGTTTTAAAGGAATA	1
GTATTAATAACGTCATACTCAAAGAGTGATTCTTATCAAATATGTCGGGCTAAATTGGCCTCTAGTCGATGAAGAGGCCACTTAA	1
TAGTAGAGTGGCTTATTTATCTACGGTTTATGTCATATTGA	1
TATCTACGAGTACTCGAATATCTTACGTTTAGTACACCCTCATTTACTTCTTATTTCGCTCTTACCCTCCCTAAATACAGGGAGGGGTTTTTCT	1
TTCACGGACGGCGAGTAAACTGGCTGATAAATTATCCTGAACTTCGGATTTGTTCTCAGTCAGCGCAGGGTTTCGCGGCTTTTGTGGATAATAT	1
CCCCATGACATGCTCAGGGCTCAGGAACCTTCATTCCCAA	1
TATTTATTTAATTTATTATTTCAATGTGACTCATTTATCGCTAACGTCTTCTATAGCGACTGGCGATTTGCGTTTTACAACATAAAGATTAGAACAAGCAGAACACGCACAGAAACGTGTTATCTGGA	1
CTTGTACCTCAGGCGTGGTAAATTAATAGAAAATTGACTGTTACATTGGCGATTTTGTTCTTAACTT	1
TTGGAATAATGCAGATAGAACCGCCACGGGAAAAGACTGTGTTAGCTGGCAGGAGACATCATTTCTCCGCTAAAGCTCAAAGCCAGTGGCGCCGGTTGAAATTACGAAGCGCGCATAATAAACGCAGTACGCCCAAAT	1
TAGTTCCCTTCCCTTAAGCGAAGCTCAGGTTAAATATCTAATCAACGGCATTATCGCAAAGATAATGCCGTTTTTTTT	1
TCTTATACGTACATAATAGCAACTCATTCAACAAAATTTTCTTTTGTTAA	1
TCTTGGTTCTGAAAGGTTTATTATCCCAGTAACCCGTAAAGTAGAAACTGATACAGCTCTGACTTTATATCATGATGATAATGGCGCTCAATATATGCAGTGG	1
TGTGATAAAATATCGTGGATGTCACCAACAACCTACGTAAAAAATTTATTACTTTGTAAATGAAAAGTTTTGTAAATATTCTGTCTTCATGTTTCCCCTTGTTTAGCCTCTAAATCACAGAGGCTTTTTTAT	1
ATTCGAAAGTGATAGGAAAATTAATGGGGCATATTTCTTATTGGAAATATCAGAAATGGGAATGGAAACTTAAGAGGGTTATTAATAAATAATTAGCA	1
TTTAGTGTTAAATATTTGATGGTGAGTCAGAGGAGCGACAGACAGAATTTGAAGGCATCTCTTTGAAGCTGTCAGAGATTGCATCTGACAGCTTCAAAAGGTAAAAG	1
AGCAATGGATTTTACGCACGTTAGATAGGGAAAGTTTAGGGTTATAGAGTGAGGATGAGAGCGAGCTACTATCACTACAGGGCGGAAACCTGCTCTTAATACTACAGCCGTAATAATAGT	1
CATTGCAGTTGATTGCTATTCCGGGTAACCATGTGAGTTTGATGGAGGATAACGAACACCGAATCGCTTTAGCAGAGGCTCTGGATATCGCATTGACTCACAGTTACAGTGAGTAATCGATATGATAATCCGGCATATATTTTTTATGCCGGATTTTT	1
AAAACGGTAACTGTGATTTTGACAGCAATTAAGCCAAAAA	1
AATCGGAATTTGGACAAAAGCTACCAGCTATAGCACAATGATAATCAATGAGGCTATCCCGACGGGGAGAAAAGCGGTACGCTTTACCGCCTGCCTCATC	1
ACACGGTTTTCAGAATATCCAAACGCTTTAGGGGAAGTCTTAAGAGCAGCAAATAAAAAAGCGGCATGGAGTCGTGC	1
TGAAATTTATTAGGCGTAAGATAATCTGGTTTTACCCAGGTTCAATGATAAACAAATATGGAAAAATCTAGATGGGGAATAACATGGGGGAAACTCCCCCATTTACT	1
AACGGGATGCGTTCATATAGAAGACCATAGATTTATTTCTGTAGGTTATTAAATAAAGCTCAATCTGGTTAAATTATTTGATTATGCAGCCAGATCGAGCTTTCGCT	1
TTTTTTGGCATTCATCATGGGGATAGATGTTATTATTGGCATCACTCAGTCCGGGTTGGGGTTTGGGATTTTTCGCAATTGATCAGATCGCAAAAATCGGACTGAGTTC	1
ATAAGGTTTCGGTAATGGATGAAATGAAAGATTTTTTTGGTTTTTTGGGAAAGAATAGTTAGGGAGTGGAAGTATTTTTATTAGCCAAGTGAGATATATGGATATTATTTCACTTGGCATTTT	1
TAACAAGAAAAGGGCAGCTGTTAAAACAGCTACCCTGTATCTTGTCTTAAACACCACAATAGCGTGCAAATTGTCATTTAACACTTCATTAACTATTGTTTGTTTTTTGCGCTTTTGTCAGGAGATTTAACAATCTCGACAAGCCCGCATCAAATCTTGGTGCCGGAGGCGGAATCGAACCACCGACACGGGGATTTTCAATCCCCTGCCAGACTGATG	1
GCACGTTTTTGTCACTTGACACTCTTAAGCAAAGCCAGTTTCATAC	1
GAGAGAGGGGCTTGTCTAGAAAAAATGGTATTTTTATTG	1
TGATGAAATATAGCTTGAGAAACAGGTTTTAAACCAAGATTAAGATCACTGATACCGAATTCACGGCTTAAGTGCCGCATTAGGCAGGGAGATAGCCCTGTAATTGCCGTTAT	1
TTTTCTGACAGAAAAGGGACAATCGAAAAA	1
CCTTTAAGGACACTGAAGGAACGTTCGA	1
AAGATATTTCGTTATCCTGACATCTACTGTAGTCCGTTGCAATCAACATGCAGCAAGGGGCATAA	1
TAAAATATTCACGATCAGTTATTTTATTTCTTTATCCAAAAATAAGGTACAGGATGTAACCAAACCATCCTATCATGGGATAAATAGAGTAGCAAAAATCACTATCCAGGCAGAAAAATATAGCGGATACATAGAGGCAACAACTTTAT	1
TTCCGATAGTTTCAGGTAATAAAAAAACGACTTCGTTGTGAGTGATTAAGCGTTACAACGGAGTCGTTCCTT	1
AGTTTGAATTCGGGTTGGATTTGATCTGTAGAGGCACGTAATGACCTTATGGATCGAGCTTATTTAAATGCTAAATGGCTGTAGTCTGGTTCATTTAAGTGGACGTAAACATCACATAAATGTAGTAAATA	1
AGTTGGTGAACAGATGGGATTTGAACAAGGCAAATTGATAAATGAAGAAGGATGTGGTGACAGGTTACAGGCTTTAAATTTAAAGCCTGTAACCTGAATTTTACTT	1
ATTATTTCAGTTTTTTTCGTCGTTTTTTCTGCATAGGGAGTTATACATTGTTCAATCATGGCGGGGGGTGGGCGT	1
AACAATTTCGTGATAAGTGATTAATATCACGCCAGTTGTTGTCGGCAACATTAATTCTCAACAAACACGTAATAGAACAG	1
CTTTGCTAAAATACAAAAATAGGTAATAATTTTAACTAACTATCTATTTTTCAAAATTAAAAATTGATCTAAATCAAAGGAAATATAACCTGAATACTCGTTTAAAAAGGCAGAATAGCCTTTCTT	1
AATAATTATTGAGATATAGAGAAAAAACCAGCATATTAATAATGCTGGTTTACTGAAAAGTATTTCATGCAAATTTATACTAGATTAGAGCGTGTTGACCTTTGTTGTAC	1
ATAAAAAAGACGGAGAACACCTTGCCCGACGGGAAATGTGTTC	1
CTTTCTTTGAGTGAGGCATTTGCTAAATTATCAATGTCGTTTCATTCAGGGCGTTTGGATCATT	1
TGGTTTTGTCGGTGGCGCGTGTGCGGGGATTGGTGCCGCGCTCGGACAA	1
AGCGTCATAAAAACTCTCATCTTACTAAATCTTAAGCAAATAACATCTTCATCTGAGGCAATGTATCGATGATTAAATAAAGACCAGAGAACGGTGCTCTGGCCTCT	1
TAGCAGAGATATAAAAAGTATATTTAGGATTCTGAATCTAAATGGCATAATTGTCTCTGATAGATTTAAAGATGAACATCTAAGATCATTGAGATATTGAAAAGAGCCTTAAAGTCATATAGAGATATATTTCAATGGATTATGAATGAACAACCCCGCCGCAAGCAGCGGGGTAT	1
TTATAAAACTATATGTAATCAGGTTGGCTGATGATTCTTGCGTATATAAATATACA	1
TATTTCGGATAATAATAACGTAGAATTAACGCAACGTTGCTGCAAAAGAAGTCTGTCTGAAAGACAATGGAAAACAATTAACAATCAAA	1
ACGGGCTTTTCTATTCTGCAAGTACCAAAGTGTGGTGATCTCCCTGTGGATAAAAAGCGTCAAAGCTGTGTAAAAGAATGAGGATTTATATCGTCTTTTGCGTTATGATCGTCGGCCACGATCCCG	1
ATAAAATCCGATGGGCTGAAACGGGCAGGCAGCAATATTG	1
TAGACATGTAAATTTAGGGCAAGTTTGGTTAGACTGTGTATCAGCCATAGCATTAGCTCCGATAATGTTGTGGTCAGAAGCCTCGATAGTGTGTCCGCACTTCGGGGCTTCGTTATTTTCG	1
ACTTTGGTGTTTCATCCTTAAGTCATTAGATGGATAATCTGGCTGTTAACAGATTGTTTTTAATACGTAGTGATGAGTGGAGGAGAGTCTTCCTTATCATTGTTGTGATGATGGGAAAAATAAAAAGACT	1
ATTACGAGCTGATGTAAAAACACTGAAAGTTATATTAATGGCAAAAATGC	1
TAGCTCATCAGTTTCCCTCAATAATCACACTAATACAAATAATGACAGGGGCATATGCCCCTTATT	1
CTGAAATCATTACCTTAAACGAGAAAAGGGTAACTGTTAAAACAGCTACCCTGTTATCTTGTC	1
AATGGTAGGTTAATGACGGACTTAAAGAAAGATAAGGTTTGAAGTGAGGCGATGTT	1
ACATGACATACAAAAAGTGATAATCGGGCATGGATTCTTGTTGGAATGGTTACCGCCTTACAATCCGGATTTAACCACGCAATTGTGC	1
TACCCCGGGTTTGAATATCAGGTGGTAGATGCGTTGATTAC	1
GGATAATGTTACCCAGACAACTTTCTGAGCAGGCAGGTTCTTAACCATATCACAATA	1
TTTTTATGAGATAAAGGTATGGCGATGTGCTGTAGCGGGAAAATTGAATTGCCATACCTTTTG	1
ATCCGTATGCGTATTTTATATACAATAATCAGTATCTTTTAACGTATTTCAATCATTAGGTAGGAATCTAATATTATTTTGAGTGATGTAGGCTATCTTTCCGGTAAATTTTTCTGGTTGTTTATTATACTTTGTCCATACTCGAATCTGTAAGGCTTTGTTGACACTATTTCTT	1
ATTCATTAATATTCTCGGTGTAAGAGATGAAAAAGCCATCAATGTTGGGTTCTGACGGTAAAAAATAAAGGCGCTGCAATAAATTGA	1
AAAAAATGTTCTAACGTCAGTTGTAATGCGATCTGGAAGTTTTACGCCTAGCGGCGTCACTTGGTAATCGCTACGCTTTTACACAAGTGACGCCGCTCATCTTTT	1
TAATATGGCGTTGATTTTCTCAATGAGTTTTCTTGTGATTTTTTTACTTTATTTGGGCGTTTTCTTGAATACAAGATAAACGGTCGTTTTTCTTGTGCCATATTCCGTTTTGGTTTT	1
TAATGTTTACCCGCTATCTTTTAAGCCGTCGCTTTTTAAAATCTATCGGGCATGGATTGAACGTAAAATTTA	1
ACGCATCTGGGCAGAGGCGCACCGGGCAGGGCGTGGTAATGAACTCTCCCTCTTTCATCTGGGCTGGCCGGAAATCTCTGCCCGTTATAATGCCGTCGGGCGGTTTGGTCGGGT	1
TATTAGATAACTAAAACCGCTAGTTCAAAAATAACTAGCGGTTTTTCT	1
AATAAAATGTTTGAAATTAGCATCCGAAATAATGGATATTACTACAAATGGTTATTCATGCTCTGACTGTAGTGAACATGTAGCATGGGATAGCTGTTTTAAGCAGTAAATAATAATTATATCAATACGTTGTATGGGTTGGGGCAGGTTGTATAGGCGTAATACACTCTGTTTCCGATAAATAAGTCGCTTTATATAAGTAGATTTTTCAATTAATTAAA	1
GCAAGATATTCGTCAGGCAATGCCGAAAACGGTGATCCTGCTGATT	1
TCTTTCGTCATTTCATGAATATGTAATACACTTAATAAAATAAGATATAGGCAATATATGTTATTTATCGAGTAATATGCATAAAAAAGATGAACTGTCTTTTTTAGCTAATGGACGCAGGATATGGAGCTGTCTTAAGATATAAGGTCAGAACAAAAGTC	1
AAAATATCGTTACCGAAAATATGACTATCGAAAAATCGACAGTAGCTCGATCAAAAACCAGCCCAATATGCTA	1
CAGGAGCCTTTCATTAATCCCCGGGAGCATAGCTCACTATGTGACTGGGGTGAATGAGCGTAGCCAACAAAGCAGCAACTTGAAAAGACGAAGGGTATAGTTACC	1
CTTGTACCTCAGGCAATTAA	1
CGCAACTTGAAAGACGAGAGGAATAAAATAAAATGGCTTCCTTACTTGTTGGATGACCCACTTTGAGGAAGCCATTTTTC	1
CACAAACATGCAGTTACTGAATCTATAAGCAACTAATCCA	1
TTTGTTAAACAAGAACTGAATGAAATTAGCGATAACTTTATAGTTGCTAAAAA	1
TTTTACTCTTCAGATATTAAGCATTCCTTGTTTAGCAGAATACATTTTTCTGAATATATTCCCTGTAAAATTACAGGGA	1
AGGTAGTAGATCATTTTGTTTTTTCTTGTTTTCAACGTG	1
TTTTTTTGATTTGGCGATTAATCAGCTCGCAAAAACCGGACTGAGTTCC	1
GTGTATTTAAATGAAATTCAGACTCACCGGCAAATAGGCGCCTCTATACAAACGATAGCCGT	1
TGTTTTTTTGAATGATACAAATAAAATGCGTGTCGCTGATTTTACTTTTGAACTGCCAGAAGAGCTTATTGCTCACTATCCCCAGCCACAG	1
TAGTATCTGTATATTCCGGTGATGAAGATTTATCCGATACTTTGACAGTATATGCAAGACCACTATCG	1
GAATCACTAAATTTAGTCCACGCTGATCTGAACTGTTATTCACTTTCCAAAATACAGTTCAGATCAGAAAC	1
ATTGTTACGTTCGTAATATATATTTTTGAAATTAAAAATATATAGTCTGTTTGAATCATCCAAGTTTTTGTAGAAAAAATTAAGATTTTTTGAATGGTTTTAAGGCCGTTACTTAAGGGCGGTAGCGTACTT	1
CTTGGTAAAAAAATCCAATATTTTGAGAAAACGAAAGCAGGGGCTAATTTTATTTCTTTAATAGCCCGTTATTATCGTTATGCTGATGATCGTCATTTTAAGACAGGGGACGTCAATGTGTCAGCG	1
AATTAAATAACTGAATGAACACTGACCACAATGAAATATTAACTGCTCTCAATCCCCGGTCGCACAGTTTTACTTTGCGGCCGGGGATACATT	1
TGAATGGCGCTGTATGTGTCTGGTTACGTTTGTGGAGTGGTAAAAATGATAAGCTTCAGTAGACTTGATCGTGAGCCATAATGTTAAAGGCCACTGGGCGGTTAACCCGATGGCCTTATCTACGT	1
AAACAATTAAAAAGGCTTCCCACAACGGGGAAGCCTTTTTTTAT	1
ATAAATTCGATGTTATCGGAACAGTATTGGGCATTTTTTACGA	1
GAACAAGTCCGATCAGGTTAAAAACACGCAGAAAAATTGATCCGGACTTGATGGTGAAACTCTACCACGGGTGGTGCAAGCA	1
ATTTTTTCGAGGAAAGATGTCGAGCAGATTTGGTGTATC	1
TTTTTCGGGCATCTGGCCTATTTTTATTGTATGAATCAGGTTATTAATTAAAACCCTTTGTGATCGTGGGTTAACCTTGCGCTTTGTACAAGGTATAA	1
AATATGTACAACAAAGGTCAACACGCTCTAATTATCTGATTAAATATTTTGCTGTTCCATGATTTCTTGCTAATACTGGAAAGGATTGATACGACAGAGTGGCTGTCGTGTTATCTGTG	1
TTTCGCGCTTTTGTCAGGAAATTTAATAACCTAGGACAAACCCGCATGGAAATTTGGTGCCCGGACTCGGAATCGAACCAAGGACACGGGGATTTTCAATCCCCTGCCAGACTGATGAA	1
GTAATAACCCCTGCCGCCACCTCTTCGGACGTGGTGGCTTTTTATA	1
TCAATTAAATTAATGGGCCAGCCGAAGAACGGCCACGAAAACAAACACATCGGGAACCCGGGCGTGTTGCATAAACCTGTTGCCAGCATTTTCAGTTTGGCAACAGGTTTTCGCTACG	1
GTCCTTCCATGCGATTTGTGCAACCACGAACAGAGGGCGCAACAAGCTATGCGCGCCCTGCATCGGGT	1
CTTGAAAGAGGACGAGTATATTTATATCGCTGATGAAGAAGCTTA	1
CTTTTTCTTCATCCTGAGTATTGATACATCGTACTTTTGATGTGGCG	1
CTTATTCTTGTTGGGATCTGATAATATTGTTCTTGGTATGATGACTCGGTGTAATGGTTTTTTGGCTAAAATAGGGATACCAAACATCATGCTGTTC	1
TTTTATAAGGTCAGTTTGCTATTAATTTTCTGATAAAAAAGCACGGATGAGAAGAAAAGCCTGCCAGTCATGTTGGCAGGCTTT	1
ATTCATAAACTGAATTTATCGTAAGTATAAAATAATGACTCAAGTTAGATTATGGCAAAATGGCCTGTTTTATTCACTTGCAATCTCCACAGAGCAATGCGTGGAGATTGTTGCA	1
GTTGTTAGTTAGTTAGCGCTCTGACCCACGTTTCTTATACACGTTTTCTTAAGCCCTGACTGAGTACAGGTGGTGCTGGTTCAGTGCCTCGGTTTTAGCGCGATACTCCTCTACTAACACTGAAGAGAATCAGTCGGACAGGCAGTGTAAAGGCAATGGCTGACTAATCGTGCTCCCTAACAGGAGCAAACGGGTGAGAGCATTCAAAGAGTTTATTGACACTGCAATCATCGTTCTCAAGGCGTTAGTTGCGCTTTTAGAACTGATCCGTAGATTTCTAAATTAAGAGACTACGGAAACGTAACTAAGGCCATCGGGTTAACCACCCGGTGGCCTTTAA	1
ATCTGAAGCATCAGATAAATATAGTATCTTATCAAAAGGCACTGACTAATTTTATACCAGTCCGTAGTATCGTTACGGGCTGGTATATTTT	1
ATTTAGCCGTAGATAGTGGTGTCATTTTGACTTGTCAGGGGGACAG	1
TATATAGATTAGTATTTGGATGACGGTTATTCTTATAGAACTTTAACCGAGCGGAAATGTATATATTTTGGGGGTTTGT	1
ATGACAGGGCTAAATGGGCGTAATCTGCTATTCTGAAAGCCTTGCCCTGCACGGGCTGGCATCGTCTTACGGGTATGATGGCGTCGGGGATGAT	1
TATGAAAAATAATAAACTATGCGGGTAATCTTGTTAGCTGCCAGTCGTTCGGGAGCCGCATTGGACACTCAAGGTATTGAGTGTC	1
ATTTTATTTTACGTGGGAAATAAGATCATGATCATAAGCCGCGCTGATTTTCAGAATTCAAGTAGGACGCGGCCT	1
ATAGTTTAGTTAGAAGATTATTTTATACAGTTTATATCGTTGGTGGATTAATGCGCGAGTTTATTCGGTGCACCGTGGAACTTAGTTTTTTAGGGCGACGAAAATGTCAACTTTGAGTAACAAAC	1
TATTAGAACTTGACCATCAAAACGGTAGCTTATTAGACGAATC	1
TATTGTACCGGAAAAAACCTTAACTCGTGATAGCAACGGGCAGTTATCCGTCACCTGGCGCCCGGATTTAAAAGGTCAGGTG	0
GGCGATGAAAACGTTCTTTAATGCGTGAAGCCAGAATGCCGACGACCCCCTGATGCCATTCAGGATGGTAAATCGCCAGGCCGTAAGGTAACTGAGTGTGCGTCCGCTCGATTTGATCGCAAATTTGCAGGGCTTCTTGCTGCATTCCCAGCTC	0
CAACTCTTTGTTTAATAAAAATTTATCGCAGTATAAAATATTGCCAGTTTTATAGACTATATTA	0
AGGTTATGCTTAAGGGCACATCGACATAATCGTCATCTTGTCCTATAGGGCTAGGAAGCGGAATTTTCTCATTATCTTCGAAGTAAAATTCGAAAGACGTTATTAG	0
TATGACCGGTGACGATATGAAATCCCGATGCGTAATCCCGATGAGTCACAGGAATGCCTGCATAGGCTAATCCACCAATCGGGGAACTAATACCCGGAATAATTT	0
GCGATGCCTTGAATGCTCTATCTGAGAAATATTTTTGAGCTGGTCGACGACCGTTTCTATCAAAAATCTCCGTCTTAACATCAACCTATCCCAGAGAGATAATGCTTTGGTTTTCATGTTATTCCGGACATTGGTGATTAACG	0
TCCGCTTGCTCTTCCTGACAAGCATAATGTTCAAGAATTTTCCTCACCTGCAATAAATGCTCGGGCA	0
CCGATAACGATTACCGTGTGCGGATTCCCCAGGCCTTTGAAGGC	0
GTTACGCTCTAGAATTAACTCAAAGCTACCGCACTAGGTTACGGCTCCCAGAGTGCCTGCCATGTATGAAAATTTGGCTTATCCTCTTAGT	0
ATTATCAGACATCCGTGAGGAAGACAAAACAATAGGTCGATTTATAAGAGATAGATATCCTGCTGTTATTGGTGA	0
TTACAATGATACTGATAAGATAGCGCTACCTAATGCTGATAATTATGACTTAACTATCCATCATACAGATAGAGTTATAAAAGACATATATGATGTGATTGATAAAA	0
GAGCAATATTTTGTGCCATTTATGTACAAATCAAATAACCATCATTTTGACTGTCAATTCATAGAATCATTTAGAAATAAAGATGGCTATT	0
TTAGGCAATGCATTTTGTGCTTGCTCCATTATTTCCACCAAACCGACGTTAAAAGAGAGTCGTCTCTTGTTACATTTTTAATATTGAAAAGGTTGATAGGTGCTAGCCAAGAAAATGGTGAATAAAGATTATGGTTTATTGGTTTTTGACCGTGTAGTTTCTTACTCGTTTCACTGGCTTTAGTCTTAACCTGTCACTAAACCTCGGTTTAGTGGGAACCGAATTACCGGTCGGTGTACCTATTCCGTGGCCGTTAGCGATCCCTCCGGCTGGATGGCTGAAATGTAACGGATCAACGTTTACTACGGAGCAATACCCTCAGTTGGCAC	0
CACCGTGGCGAAACGGTCTACAACATTGAAACAAGTGCCGCACAGGTGATTGCAGTGCTCGGTGATTATCCTCCAAACACAACTCCAGAGGCCCCAAC	0
AATAAGGGGCTAACTGATGGCATTACCTCGCAAACTTAAATACCTGAACTTGTTCAATGATGGCAACAACTATCAGGGGATCGTGGAAGAGCTGACTCTTCCTAAGTTGAGCCGCA	0
CTTCACCTTTCTTAAAATCACTCTCTTCAAATAACATTATCTCCAATNNTCCCCAAACTTTTTAGGGTCTCTATATTGAGATCTAAGA	0
ATTATATCAGGCGGTGACAAAGATTTTATCCTCACCGATATGGCGGCAGCAGGCACAAATTAT	0
GTCTATCAGACAAGGAACCAGCCCGCTAGGCGAGAATGCTCTGAATTTCTCA	0
TACTTATGTCACTTTTATATCAGGTCAAGGTGATAGATTTGAGTGGTTTTTTGTTGATTAAATGGTGTTATTATCTAATGTTTTTTGTA	0
GGCGCGTGAACTGGGAATTCGCCATGTCGATACAGTCTGTATTTCCAGCTATGACCATGATAACCAGCGCGAAC	0
CCCAAAATGGCAGCCAACGCAGAAAGATTATCATTATCGCCCACTTTAATTTCTGCTGTAGCAACAGCATCATTTTCGTTAATGATGGGAACTATGTGATTATCAAGCAGT	0
TCACCATGAGGTGTTTTCATGGTCTTAGCGACTCTAACAGCAGGTGCAGCCATACGAGTATGGTCAACTTTAAAACTATCCAATAAAG	0
TTGCTGACCAACTGAATAAATCGCCCAAATACTGCGGATTATTGGGATCAAGCGCTTCATTTGCCAATGGCAATCCCATTTCTACCAAATTCAATAACAGGCGACGGGCA	0
ATTTGGTAGAAATGGGATTGCCATTGGCAAATGAAGCGCTTGATCCCAATAATCCGCAGTATTTGGGCGATTTATT	0
GGTGGGGTTCAAACGTATGAAACGGTCAATGGATGCGATAG	0
TCCATTTCAATGCCAGTAATCGGATGGTAAAGACGCAACATAGTCGCATGCAATGCCTGGCGATCAAAGTTGCGCATCACTTCGCGAAATTCGTCTGATGCTCCTTTTAAAGGACGAG	0
TGAATTGCACTGCGTTGGTGCGACGACATTGGATGAATATCGTCAATACATTGAA	0
GCATGATATCGCTTATGATATCGCTGGTGCTATAACTGGTTATAGTTTGTACCAAACTATAAAGTAAATAATGCCCAAAATGCAAAAAAGCCATCCGGCG	0
AATACTTTCTTTATTGAGTGCGACAATGCTGGCGGCTTGTGCAACCGCAATGGCTGGCCCGATTGCGTTTATTGGTCTGGCTGCACCCCACTTGATGCGGGCGTTGGTG	0
CTGCACAATCTGCCATGTTATTTTTTATCAGATAAGTATGCTGCACAATCTGCCATGTTATTTTTTATTTGTAGGCGTAACCATTTGCATTTATGTTGGGGGAGTATCAGGATATTAACAG	0
GTCAGCCATTTCAGTACTCAGAAAGCGGCTGCAATACTGGGATTAGGGTATAACTCAGTTATCTCGGTTCCTTGTGACAGTGAATTCTGTATGTCATCTCAG	0
AAAAATCGCTGGTGATTTTGACAGGTTGCCCGATGCGCATGTTTGTAAGCTGAGTTTCTTTGAAGTTAGCTTCAATCCACATGTTCGTCGCAGGTATGATAGCCATCAATGGTGTTCCTGAA	0
AGTGTACAAAAACATCTTTGCTACCATCTTCTGGAGTAATAAAACCAAATCCTTTGGATTCATTAAACCACTTAACGTTACCTTTAATTTTTGACATCAAACTTACCTTTATAAAAAAAGACACAAACATAGCGTCACCTACAGTACAACAA	0
ACTATGCTGACCCTTGGTCAATATTTGCAACCAAGCCGCCATC	0
ATCCGCGAGATGCCCGATGAAGAACGTCAGGTTCTGGCGGCAATGGTTGTGCGCAGACGTCAGTTAACCACCATGTTGGTTGCTGAGCGTCATCGCCTGTATCCGTCTCATCCTCAGAACCGCAAAAGTATTAACGTGATTATTGAAGCATTGGAAAAAGAGTTGTCGCGTATTGATAAGGATATGAATAACCATATCAAAACATATTTTAAAACCCTCTCTGAAAAACTCTGTAGCGTCAAGGGAATTGAGCACGACAACTGCCGCAGTGTTGTTGGCA	0
ATTGGAAATTGTGCCCCAAAAAGTGGCTGATCTTGATAAAATATTAGAA	0
GAAGAACAGCAATCCATACCATACTGACGCTGCATCTGGTGCGTCAGAAACTGGTGAAATTCAGAACCGCACAGATAAATGCGCTGCACGGTATGTTACTTGAATTTGGCGAAAACCTTCATAAGGGC	0
AATAGAAGCCAAAGTACAACACCAATTACGTCAGGGCTT	0
CCAGCACGCATTTTTTCAAACAGTGCAAAGTTCTCTTCCACACTACGATCACGATATGGACTGTTTTTACCCGGTTCTTTCAGTGTCCCACGATATTCACGGATCTCTTCAGCACTCAGTTCATCAACATACGCCAATCCTTTGTTGATTAACTCAATGGCGTATTGATACAGGGTATCGAAATAGTCAGAAGAATAGCAAATATTGCCGC	0
GGAGTACGCCAACCTTTATTATCCGGACTTACATCGTTTGTTGGTGTTGGAGGTAAATTCTTTATTGCTATAAAA	0
ATTTGTTCAAAACACAGGAGAAACCAATGGTACACAATTTGAATCAGGCA	0
CACAATTTGAATCAGGCATTAGGTGAACAAATTTATCGTCGCACTGAAACTTCTGACTCAGGACCGGCAGTTTCTCAAGCCTCTGC	0
GATTTAAGCTCTTGAATTAATTTATTAAGTTCAGACCATTCTAGGTAGATTTCATTTGCCGTCATAATTCTAGGATGATTT	0
TTTTGTTTATCCACGCAATGATCTTTCTTATGCAGCCAATTTCCTGTACATGATGTTCTCCACTCCTTGTGAAGAATATAAGGTCAACCCTGTACTGGAACGCGCCATGGATCGCATTTTCATTCTGCATGCAGACCATGAGCAGAATGCTTCGACTTCAACAGTACGTACTGCGGGTTCCTCGGGTGCCAACCCGTTTGCCTGTATCGCCGCTGGAATTGCATCCCTGTGGGGACCAGCGCATGGCGGAGCAAACGAAGCTTGTCTGCGTATGCTGGAAGAGATCCAATCCATTGAACACATTCCTGAATTTATCGCCCGCGCCAAAGATAAAAACGACTCTTTCCGCCTAATGGGATTCGGTCACCGTGTTTATAAAAACTACGATCCTCGCGCAACAGTCATGCGCGACACCTGCCATGAAGTGCTCAATGAACTCGGTCTGAATGACAGCCTGCTGGAAGTGGCAATGGAGCTGGAGCGTATTGCCCTGAACGACCCGTACTTCATCGAGAAAAAACTGTACCCGAATGTTGATTTCTACTCTGGTATCATATTGAAAGCTATGGGTATTCCATCATCCATGTTCAC	0
TGAGATGCGCATAGCACGGGAAGCCCCTGTAATAACTGCCTCCGGAGCATGGCTATTTGCTTGATGCAAACGTGCAAATTCTTTAAAACCAGAATGGAAAATTTGTTCAGCGCCAC	0
GTGCCTGTCTCAATATGACTGATCTGGCTGGGCAAAATATT	0
TTGGCGGAATGGCTGGGATATTCCCGTGCCTTATTGTTTATTTCTGGTTATGCCGCTAATCAGGGTGTCATTGCTGCTTTGATGGAGAAAGATGATCGCATTATT	0
GCGGCGGGATTAAACCAATAGCGGATTTCTGTATCAATTAATGGCGTAGTAGAAACCCCATGATTTAGCCCCCGCTGT	0
TGCTACCAACGCACGAATTTGCCCGGATTTAAAATCAGCCAGTGCGCGCGTTCTTGCACCCTGGCTTTTATTGCCGTGGATTGCCGCCGCCGTCACACCATCTTTATTGAGTAGTTCCGCCAGTTTATTTGCACC	0
CGTGAGGCACTTTTTGTATTGCCTCTTGAATAATACGGCCAATTTCTTCCCGGCTCATAGCAGGATGCAGCGTATTTTTTTCTAAAGGTTGTTGACTTAATGGTGCCATCGGCAG	0
GTTCGCGCATCCTCAGCTTAATGTCACTGATTTGCTCGCGCTGGCGCTGGTATTGCTGTTTGAGGCTGTTCGTCTCGCCACTGTCAGGGATCAGCACTAAACAGCCGTCCATGATTTTTACGGTAACAGAGCCGC	0
GCGGCTGACGCCTGATGGTGACCTGCATGTCACCCTGCCGGGGCACCGGTCGTTTATTCTGCTGCGGATGCACAACGGTATGCTGTTGGCGGGTGCCGATGCGTACAGACCCGTTAATTATTGGCCAGGACGGCCAAAACCCCTGCACCTGACCTGCCGGCTGGAT	0
GTTTTTTATTTTTACTTCATATAGTTACAAAGAAACACCTT	0
AACAAGGCTATCATTCTCGTAGATACACGTTGTCGAGTGCAGCAATCCTACCGGACCAAATGCTGCAATCGTTGATACGTAATGCACGGTTTTGGCTTTGCCGTGTGTGGCTAAACGAAGAATGTTCAGTGTGCTGTCGATGTTGGAGGCGCGTTGTGTTCTGTAAGGGTGAACGTAGTTAACATCTGCGGCTGAATGAAA	0
AGCAATTGAACGTCATTGCATAAGGTATCGCTATGAAAGCATTGTCGAAACTAAAGC	0
TTCTCCCATCAACGTTCCCCCTTTTGATAACTCAGCAAT	0
TTCGGATAAGGCAACAAGTAAAAGCCACGAAGATCTTGTGTTACCCTAGCGACAACGCTTCTGATCAGGTAACATCAAAATCCCTTTTCATTTTATGG	0
TTGAAGCTCCCGGTATCAAACCAGGAGCTGTTCATTTTACTTCCGTCCAATGTGAACAGGACTTTTTAAATCAAACTGCGCGGAAGGAAATTTCCGTCGGGATCGTTTCGCCTTTCCAATACATCTGAGCCGCA	0
ATACATTGCCGTTTAATTTTTCAATGTCCGTCACACCATGATTGTTTACCGCTTTCAAAGCAAAATTATCAATATCCATGCCCTGATAAATAAATTTATCTGCTGAAAACGAGAGATTTGCATTAAATCCTTGCAA	0
AAATTCTGTTTCTCAGATGAATGATCTTGGTCAATCCCAAATAACCGAACCTACATTTAAGTCATCAGAACCATTGATTCAGCCAGATGTTCAGGAGAAAAAAATAGTTTCAATTCCTGCTTCCCATGAATCAAAAACTCCGTATGCTTTTGCGCAGCAACCGCAGCAACCGCAGCAACCGC	0
AATACTTGGAGCCTTTATTAGCTTATAGCTTGTCAGTATTTGGAGAAATCCTTTCA	0
TTGTTTTTAAATTAATAAACAGATAAAAAATTAATTTCACTGTTTTATTTAATATTACACGTCATTTGTTATTAATAATTTTTTTATTCATCATCACTTTATAGTATTTTACCTTAA	0
GCAAAAAGCCAAGCGCGAATTTTGGATTAAATAAGTAAACTGTTACAGCAAAGTTTATGAGTTGCAAAAGTAAAATTCAGGTTAAATAACATTTATTTTGAGATAACAAATAAATGACAATT	0
CTTTCAGATCAGCAATGTTTTTAATAGCCGGTACCGCATTCAGCAGTGCATCAACACCCACTTTACCCGCGGTATAGCTGGATTGAGTAGCAGATTCACCACCACCGGCAATAGTTCCCCCTGTCGCCAGAACAGTAATATTTGGCAAAGCAAATGCTGAACCACT	0
TTTTTATTATACATACAGCAGCCGATTGTAACAATTTGCTTCTAATTAGTTGAATT	0
TGCCGTTCACAGAGAATATTACCCGCCGTTATTGACTTAGATTATTCGCCTTTAGCTGCTTTGAAAGCTTCAGCCATTGCGTTGTTAGCGAAGTTTGTGTCTTCTTGTTTGTTTACAGAAGCGATAGCGTCTTTTTCATCAGCTTCGTCTTTTGCGCGAACAGACAGGTTGATTACGCGGTTTTTGCGATCAACACCAACATATTTAGCTTCAACTTCATCGCCAACGTTCAGAACTTGAGTTGCATCTTCAACGCGGTCACGAGAAGCTTCTGATGCACGCAGGTAACCTTCAACGCCGTCAGCTAATTCAACTGTAGCACCTTTTGCATCAACCGCAGTGACTTTACCATTAACAATTGCACCTTTCTTGTTTACAGACAGGTAGTTGTTGAATGGGTCTTCTGCTAATTGCTTGATGCCCAGAGAGATACGCTCAC	0
TGGATAGCACGTTCAGATTCTGTATCCAATGCGGAAGTTGCTTCATCCAGAATCAAAATCGGTGAATCACGCAATAAAGC	0
ATGGAAAGAGCTGTTCGCTTTTTTGAACAACGTGGTTTACGCCCTATCGCAGCACCCGCTAATCAATTAGCTATAACAACGCCCTTGTATCCCTGG	0
TTTTGGAGAAAGTCTTTCTTCAAAAAGGGATACCTGTGTTAGTGATATCCAATTTACATAAAACAGACCGTATTGTCGCAAAATCTAAAATATTG	0
GAAAGATATTCGGTACTAAAGTAAAACTTAGATTACCGCAACGATAGCTTCACACAGAGGAACCATGT	0
ATTTGCAGGTAAATGGCTTAACGGGTCGTCAGCACCG	0
AATAAAATGCGCGCCAACTCGATTTTCAAGCGGCGCGTCATTTTGACGTTCTGACATAAAAGCATGATGGCAACCATGCAAAATGCCGGTACAAGCTGCACAAAGATCAGGAAGAATACTGCCATGCTGGAATAGTCTTCACTGAACATCACC	0
AAGTGATTTGATGCGTTGATATAGCTCACATCTCCTGTCTGATACACAATCCC	0
TGATGCAACTACTGTTGGCGCTCGCCCAGATAACGGTATGCTGAGTGTTGGCGTTTCTTACCGTTTTGGTCAGGATGAAGCCGCTCCAGTTGTTGTTGCACCTGTTGTCGCGCCTGTTCCAGTCATTCCAGCACCTACTGTTGAAAACAAGAGCTTCACTCTGCGTTCTGACGTTCTGTTTAATTTCAACAAATCAACACTGAAACCAGAAGGCCAACAAGAGCTGGATAACCTCTACAATCAACTGGCTAAAATCGACCCAACTCAAGGTAATGTTGTGGTAATCGGCTACACTGACCGTATCGGCAGCCAGAATTTTAACCTGCCACTGTCTCACAAACGTGCTCAATCCGTTGTAGATTATCTGGTTGCTAAAGGCATCCCAGCAAACAGCATCCAAGCAGAAGGCCGCGGTAAAGAAAGTCCTGTCACTGGCTCT	0
GTGTGGTATTTGGCATGCCGCGTGCTGCAATCCAGTTGGGGGCGGTGGATGATGTCATGGACATCCAAAAAATCAGCAAAGCGATGCTTGCCAAACTCAGCGTAGGGCAATCGATTCGTATTTAGTCGTTATTATTTGATGTTAATTTTTGCAGCACTATTTTTGCAACGTGTGCT	0
TCAGCGGCGAAATAGCATCA	0
ATTTGTTTAATTGAATAAAAAGGATACTGTAAATATTTTGTCATGTTATCGAAACTAATTTTAATTCATAACAAATAAGTAATTATTTTATTTGATAATTTCTAT	0
AGTTCAGTCGGTAGAACGGCGGACTGTTAATCCGTATGTCGCTGGTTCAAGTCCAGCTGGAGGAGCCAAATTCTGGAAAGCCCGATTAGTTTTACTCGTCGGGCTTTCTGCTTTTTATTCCTCAAAAAACAATAACCCCTTTTATTTCCGCTACCTGATATTTTTTTGTACTTCATCCCCTGCCCACTGGTTACTCTCTTCATCTTCCGATACTCAAAT	0
CACTGGAGTGTCTGGAATTTATTTTGGTTCATGAACTAGTGCATCTTTTAGAGCGCAAACATAATGAGCGATTTATGACTTATATGGACGGCTATTTACCTGATT	0
ATAGCGATTTCATTATCCCGTAGATTCAAGCTCGGTTTTTTAGGTTGGAATGTATAAGCAATAAGACCGGCAGCAAC	0
GCAAAAACCAATATTGACCGCCATATCCAGACCATGCGCACCAAAGGCCGGACAATTTATCAGGCAGCACATGAAAATAGCACCGACAGTCAGGAATGGTCACAAGGCACTTTCGTCAAACCAACGCTG	0
ACCAAAAAAATTTAAATAGACTTAGAAATACCATTTCTACCTATAATCATAAATTACGAATGAAATTTAATGAAAATAAAAATGA	0
GTTTCAATTCACTATTTCTTACCATACTTCTGGGATCGGGTAATCTTGACACATCAATTTTACCACTATTGTTTTGTGGAAATTCTTCAAC	0
TGAAATATGTCATTATTTGGACACTGGTTTTTCATGATAAATGGAATGCTTTGACGCGAAATGAACGGAAGAAATTGCAAA	0
TAACAGATTCTGGAAGGCTCCAGTTGACAACATCAAATATTTCAGCCGGAGTCAGCTTCTGTTTTAACTGATTAGAA	0
GCCACTGGATTTTTGTCTGCTTTGTTCTTCAATCGCTTC	0
ACATGTAGCCAGGCACCTGACCGATGCGTGATAGCGGCGATCTCGTCCACCGGCTGAACCGTGCCTAATTCAGAATTCACGTGAGCAATGCTGACAATACGAGTGGCGGATGTCAGTTTAGCCATGACATCTTCCGGTTGCACTCGACCATTGGCAGCAACTGCAAGGTAATCGACAGCAAGGCCCCGGCGAGCTAA	0
AGAAACGAATGAATTCCGTTCCCTGATTGATGGCGATCTGT	0
GCCATAGATATGCTGATACGCCACTTATCTCTCCGGTTTTTCCGTAAACCGACAGAGTCATAAGCTACAGGGTTGTTAGCATGGCTTCCGGCATGTTTCTCGGCAACTGGCATTGTATCCATCTTCTATGCTCTTAAGTTTATTGCAGAAATAGTGGGGGAACTGTTCTCCCACTATTCA	0
CCAAGGCAATAGCAGTGAGTCGCGTTGGGAAAATCTTAATACGTATCTGCAACGCGATATTCATTTTCTGAAAAGCCAGTTGG	0
CATATCTGCGTTCAAACCGGGGAAAGCGGCTACATTGACTCCCCAGTCAATCAGTTGCTGAACCGATAAGACGGGTTGCAGCTT	0
TTCAAGGCTAAATATGTGGCTACAGGCGCGGCTACAATAGGTACAGTGCAAGCCACCACGACCTTTACACTACACTACGAGTAATTCTTTACTCTTTC	0
TTACTTTAACCTTTGGTGTAGCACTACTTAGCCCACAATTT	0
TTCTCGACTTTACTACGTTTGTCACTGAACGTCGCTTCCACACGAATTATTCTGATGGAAGGCCATACTGGTT	0
CAGAACAGATAAAAACATTGATGACTATTTATACTGCCACCGGCATTTGGTAGAAAATGCCTTTGCCAAAATTAAACATTTCCGAGCAATAGCAA	0
GTTTTAATACAATTATTCAAGGATTGAATGATGTTAATTTGCCTAAAGAAGACAATGAGCTTGAGCGTTCCTTGCAAGAACTAGATGACTTCAGGAATTGCTGGACTACCTTCAAAAGGAAGGGATTAGGT	0
TGTCTCGAATTATAGTACTGATCGGCCCAAATAATGCAGGTAAAACTTCGTTAATCAAAGCCCTTCAGCTAAGTTTAGGTGATTATTCTCGCTATCTTTCGGAAGAGGATTTTT	0
GATGATGCCATACAAGATAACGATATGATTTATGCAGTTATCTGTGGTTCTGCGGTCAATAATGATGGTTCTCACAAGAACGATTATTACGCACCATCCGCAGTCGGGCAGCGCAATGTTATCGAAGAAG	0
CAGCGTGTCTGTTTCGCAATTCAGCAACAATATCAGTCCATGCGACCTGCTCCCAT	0
TCGTTCTCCCGTTGCGCTGTAACGTATCCAGTACACAGCAGGGTGTTCTCTGGCTGTCATCTCTGCGACCAATTTTTGGCGGATATCTTGTTGGCACCGATGACTGGCAGAAATTAATCGTGCAT	0
CCGATTTCTGATGGTAATCGTGAACAGAATGCTCAGTTATTAGTACTGTCTGCGCCGACACCTG	0
GCTGGCTCACATTCCGGGAATTAATATTGCCGTTCCTACCACACCGGCAGAT	0
GCTGCCACCAGCTCCGGATTGATGCTCAATACATTGAGATGGATGGATTTGTCCAGACACCGGTATTTATGGCACCGCCTTACCACCAAATAGATGATATTGCCTATATC	0
ATCTGCCCCTCGTTAAAAGGTAATTGGTACTGTGCTCCCTGTTTATCAGAATACATAACCACTCCTTATCTCATTCATTGAGCAACACATTGCGCTCA	0
ATTGATGGCCAATATCCTTGTCATTGATGAACAATTTCAACAGGCACTGGCTCAAACGGATAACAGGGATGAGGCAGTGAAGAACTTTTGGGAAAC	0
GACACTTATCGCCGATGTCAAAAATTATCCCGATGATTATCAATGGGAAA	0
CCGTCGATGCGACCTCCGGGGTGTTTTATGCCACCACCACCGACCCGTCCGGCAACAAGGTGCGCCACGGCTTGGACGGCATGGGACGTCTGCTCCACATAAAGAAAAATGACGTGGATATGGACAGTAAAAATTCCGAGCCTGAATTCCTGATGCAGCAGCAGACCCGGGATGCGCTGGGGCGCAGCCTGACGGGA	0
CGACACCACTACGTTCACGATGTACCTGTTTGAGAACAAAGACGACCAGTGCCAACTGACGGGGATAAGAACTGACACGGGTACCACGACATCGCTGAAGTACGATGACGCCGGCCGTCTGACAC	0
ACGTTCACGATGTACCTGTTTGAGAACAAAGACGACCAGTGCCAACTGACGGGGATAAGAAC	0
CAAGAAACTGGCAATGGGTGGGCACAGTGGCCCTGAATCCTGAGCGAGAAAAACAGGCTGCTTAAATTCAAGGGTGCCAACTATGTTGACAATTACCGCACCCTGGCGAGATTTACCGCCCGATTATGGCGA	0
ATCCTCTATGGATTTCTACCCTCGTCGGGATTGTAACTATCAGTTCTGCCGGTGTTGCTGGGGTTGGCGGTGGGGCTACATTTGCAGCACTGATCGTTTTACCTGCAATGG	0
AAGTGCTGCTTTGGAGTATAGCCTCCTAATGCCATATTGGGCCTTTCATGATTATAAAACCACGGCCATTTTGTCGCCG	0
CAAACCATTATTCTCGGCAATATATTGGGTATTTCTGATGAGGATCTTTTACAAGTCGAAATTATCATCGCAATTTCTTTTGTTATCTTAATGTTACTCTGGAAAGATTTATTAGTTGTTTTCTTTGATGAAACTCATGCCCGATCCATCGGGATATCACCATTGCGGTTAAAAATCATTTTCTTCACTTTACTCAGTGCCTGTACCGTTGCTGCATTACAAACTGTCGGCGCTATTCTGGTTATCGCAATGGTTGTCACTCCAGGTGCAACAGCCTATTTATTGACAGATAAATTTAAGCATCTCCTCATCATTGCTGTCGCGATTGGTTCACTGACCAGCGGCTTTGGTGCCTATCTGAGTTATTTTCTGAATGGAGCAACCGGCGGTGTGATTGTCACAATACAAACTGTGATTTTCTTGCTCGCATTTTTCTTTGCACCCAAACACGGCATGCTGGCCGCCCGCAAACGCGCCAGAAAAGAATCTCTGACATTGACTCAAGCGGGGCGTTCATGAATACGTTTATTGAATTCATTACTGAGCCTTTCATGCATGATTTCATGCGTCGAGCCATCTATGCTGCCATTA	0
ACACCACGTTCAAAACGATGAGAAGCATCTGTATGCAGGCCAT	0
ATTCCAATCACAGCTCGCCGTGTTGTTACTTTTCGCCCAGGCCAAAAGTTGAAAAATCGGGTAGAGAAAGCTTTACCCAAAGAATAGTAACATGAAAAAGGCCGCATAAATGCGGTCTTTTTTTCATCTGTCATATTCT	0
TAAATGGATTATGGGGATTATTGCCTTTGGATTTTGGGGCGTTGTTGGTTATCTGTGTTTCACACATGATGGCAAACATTGGTTATGGGCTGCTGCTTGTTCAATTG	0
CAATCAAGCACTGAGCATAACCCAACATTTCACAACCCTCTTCCACCATATTTTTCACAGTTCGGTTGAAATGCTCATCCATCAATCCCTGCCATAATACGCCTATACCAAAT	0
TGGTAATCAAGATCGTGTAGCCGTAACGTATGCCGGTCTGCCTGCGGATCTGG	0
ACCTGATAAAACAAGCAACCCGGTGCTCCCCACATAATGGCGTGGATAAACTCTGAGGCTTTTTGGGCCAGGAGCGGATCAATATTATGTTGCGCTGCTATAATAAATTGGCTGTTATACAATAC	0
ATGGAGTAGATGTTATTCTGGCGGAAATGAGTGATAAAGTTGTTACTCAACAAGAGAGTTATAGTCATCCTTTCCCGCAGGAATTGAAGCAAAAATTGCTTTCTATT	0
GGCATATTTACCATTAGAACCAAGAGATGTAGCGTTGGTG	0
ATATTTTTCTTATTCATTGGCTTTTAGGAATTAAAGATTCAGGAATCGTGATTTTATAGCGTTCGTCATACCGTCCTTGGGTCACAACTTGGCGCTTACCTGAGCCT	0
TTGCCAGTACTCTTTATCAAGATGAAACAAGGGAATCGAGCTAATTTGGCTTAGTTGCCTGGCAAAGGTTGATTTTCCTGCTCCAGGAGAGCCAATTACTAGGGCGTGTTGACGTTTTATGAA	0
TATGTAGATGAATTTTTATATTTACGTGGGGATTCTATATTAAAAAACGGGTTTAATCTGCG	0
GTAATTTGGGTGAGCGAATATAACCTAAATATAATGTTATCAAGATGGAAAATGATAATAAATAGGTAGTGAACTGACTACCGTGTGATGATACGTTA	0
CATCGGAATGTTATGTCTTATCAATGTCCTTTATGTCACTTACCG	0
CGACCACATGGCCATTAAAAAAGTAATTGGCGCCGAACAGTGCGACCCCAGCCGCTGCCGCGCCACCTACAT	0
AAAGTTGCCCTTAGGTTTTGGCTTCGGAACATAGCGGCACGAATTTGCGCGCGCTCATCCTTTAATGTGAAGTACCAATGTCCTGATGATGGCTGAGAAAAATTGGACATTTCGGC	0
ATATACCAATCAAAAAAACGAAAATAAGATATTTTCTATCGTTTAGGATAGAAAAAGAGGGAATGTGATGTTTATTAGATTGTATTGGGTTTAGAATGGTTTTATTAGATTGCTTGATAAATTTT	0
TTGTCAGCGTGAAACCCTGCAAAAAATCAGTGAAAAGAAAGCCCACGTCGTTGTTCAGGTGAAGAAAAACCAGCCCCGTCTGTGGGATGCCGTTCAGTCTCAGTTTCAGTGTGTGTTTGATGCAGGAAAAGAAAAAATTATCACTGAAATTAAACAAGAAGCGCATGGCCGCCGGG	0
AAAAGTGCTGTCATTCTTAAGTTCTAGAATTTTATTTTTCAAA	0
TGTATAGCAAAATCAATATAGTCAGACATAAGTCACATGCTCTGTAAACAGCTCATCAATAGAGCATCTTTCTCGTCTTCTTGTGGTTTTTGTTTCAGCCCATTTGTTTTCGATAGGATTTAAATC	0
CCAATAGCAAGCAGTTTTTCTTTCCCTGCAATGCGGTATTTCAATCTCCAATATTTGGAGCCATTCACCTTTACCAACAGATACAAACCGCCGCCATCCGATAGCTTAAAATCTTTCTCTTGGGGTTTTACTGTTTCAA	0
GTATTTTTTTAGAGGGTACAGAAAGTTACCCCTATATATACCCCCTGACTGG	0
TTGCCGGCATTGGTATTACTAACCAACGGGAAACCACCATTGTCTGGGAAAAAGAGACAGGTAAACCTGTTTATAATGCGATTGTA	0
GGTAACAGCGACGGAACAAAAAACTTTGAAGGGGTGACATGGGAGTTTCGTCCGGGTAGTGAAATTCAGGAATACATCAAAGGCATTCCGTCCGTGGATAATGAGATTAGCGTTG	0
GAGCCAGCTGGTTAGTACGCGCATTCAGTTCCGCATAACTCAGGGTCTTATCCCCTGCTATTAATGCCGTCGCTGTCGGG	0
GGTGGGTGCATGGAAAATTTTATACCATCGAAAATCGGGCAATGGGAGGTTTTCAGCCTCCCATTGACTCTTTCTTGTGTTTTATAAAATAAACCGGCTCAAATCTTCATTGGCAACCAGTTCATCCAAGTTTTCTTTGACGTAATCAGAATTGATTTC	0
CTTCAGTACTTGATCAATGTATTCTGCCTGACTCGCTTGAGTGATTCGGCTGATTAAGGCGCCTCGTTGCTTGGGAGTAAGCTGACTGCCAAAAAACAGGCCTTTCATCTCCAGAGCCGACATCCTATCGTCAAACCCTGGAATGCTGACATC	0
CGTAACGATGCGGCACATGGGATCTCTTCGCCTGATCTGGCCACCGCACTCAAGATCCACAGTTACC	0
GGAGTTAAAAGAGCAGAACCCGG	0
TTCCACAAAATAAATAAATTCACATCAAACGCTATCAGACGATAAATAAAATACCTCAATAAAAAACACCAAGGAATAAAGTGGCAGAGGAGCCTATTTATTTTCTACAT	0
TCAGTGCAGTCCGCAGGGATGAGATTGGGCGGCACAACAAAATCACGGGTGTCATTTTGAGAGGCCAGAATGGATTGAGCCAGTTCGTTAAGAACCGGTGTGGCAAATACACTGCGGACGTCAAGCCGCCAGCCGAAATTGTGCAGTTGTTCTATCAGGTTGACGATCATCAGTGAGTGCCCACCAAGCTCAAAGAA	0
AATCCGGTAGAACCCGACGTGTAGATCACATAAGCCAGATGAGATGAAGTCAAACCCAGTACCTGCGCATCGGGATTATCAGAGGATTGCGTTCCTGTGAATGATAGTGTACCTGTGCATGATCGTGTTCTT	0
TGGTCGCTTAGTGTGTTAGTACGTGAGTTGGGCGCGTTCTACCGTGCGGCCCTCAATGACGATGATGATCCTTTGCCACCGTTATCCATTCAGTATGCGGATTATGCTGTCTGGCAACATGATATGTTGCAAAGTGCCAGCCTGACTGAACAGCGTGA	0
AATAACACACCGTCTCAAACGCTGACGTTACCGGGTTTACAACTCACCCCGGTTGAACAGAAACGCCGTGGCGCCCATTTTGACCTGGCGTTATCCCTGAGTGAAACAGAAGTGGGTTTAGCCGGT	0
ACCAGCAAATAGCGTAATTGCCCATACAGGGGCTTGAGCGTGTCGAGATATTCATGGAACAGACCTGCGGTTAACCAGAGCGCAGTGACTTGCCCTTGCATCAAGGAATCACAGAAACGCACCGGATCAAGC	0
GCAGGTACAACAGGCTGAATCACAACCTGCACATTTGCTCAACGGCTATGGCCCGACGGAAACGACAACATTTGCCACAATTTGTGTGATTGCGTCTCCTGTTGATATCGCTCACGCCAT	0
TTTTATGAATATTATCTTGTGCGCAGTAATGTTTTTTGTAATAAAATTATTTAATTGCATGGTTTTTT	0
ACAGCCATCTAGATTTACGTTTGCTAAAGAGAGGATTAGTCCACCTCACCGCAAAGGCCGCAAATATTCATGCGCGTGCATTACTTCATTTAGAATAATGACTAAATATTAAATATCTTTAATAATTATAATATTACACTTAAATCTTAAGTTAAAAAATCAAGAAATGTTGTAGTAGTACAGTTGCATCAATGCAGAGAGCTTATTCCAATGG	0
GCGCATTTGGCAGTTCAAAACCGTTGAAACATGCTGATAGACATCTTGCCATCCACCGAAACAGGCATGATGTTCAATTCTTTCCATGATCTTCCTCTCTGAGTTGTTTACTGTGATGGTTTATAAATGACGATACC	0
CCTGCACTCGGTGGCGCCGTTGGTTTTATCGGTGTGGAAAAAATCCGGGAATTTGCGATACGTGCAATTAATAAACGT	0
AGTGCAACAGCAACAATAAATGACAGGTCGGGAGTGAGGATATTTTTTGGTTCCGGAAATCATGATCGATTACATAAAGTAACTCTTCGTTATCCACACTCATGGAGCGGAGA	0
GCGTTAATGGGTAATAACATAGGATGCTGAGCACAAATACCGACGATACAGTTGCTATAGATAATTATTTGTTAATACATAATTAATGTATTTAAAATCACACTGATCAATATAGTGGTTATTTTGGATAGTGCA	0
TAAATCTATTCTTGATTTGGGATTGACGATAGAATATCTGGAAACGCATGGTGTACCTCTAGTGGGTTATCAGACAGAAAAACTCCCCGCATTTTTCTGTCGTTCCA	0
AAGATTACCGAACGACTAATACGGAGGTTTTTGCATATCTGACAACACCAGAGGAGTTGGAGCCCAATAGATGTGTAGTGATGTTAGGCCGCCTTGAGCCAATGACGATCAAATCAGCATCAATTTCATTCGCCGT	0
GTGAAACAGATGAACCTTTGCATTAGATATTCTTGCCAAGTACGTTGCATGTTTAATTGCGTTATCAGTTAGCTGACTTTCTGAAATATCAATTGGAACTAAGATCGTGTTATACATACACATTCCCCTGTAATCAGATATAACTGTAGC	0
AGCCAAAATAGCTGCCGGTATAGAGACGATTTTCGACCGGAAACCCTTCA	0
AGGGGACAACCGCCTGACATTTTTAGTGTT	0
GTCGTCGCGCTGTACCTTGAAATCCATAGGGTATTAATAAAAGGGGTAGTTTACCCATCTCAAAGCCTGAGTACAAAAC	0
TCCCTAACTATTCTTTCCCAAAAAACCAAAAAAATCTTTCATTTCATCCATTACCGAAACCTTATTTCTTTATTTAACAAAGATAAAATACTTATATCTGACTGAGAATTAACGAATCAAAAATGTTTTTTGGCGATCAATCGAAAGAAGAATAAAAAATCATCATTTTTATTTATTAGTATAAAATGTGACTTATATCACAAATGAGTGAATCTTTATTAAAAGAATTATTCTATCCTCAATATAGACCCACTTTTCATTCACATTGC	0
GTCGAACAATGTTCCACCTAATGCGGATAAAACACAGGAAAGGA	0
CCCGGAGCGAGGACTTTAACGACAATCAATCCCATTAACCCAAAGCAATAAGCAATTAATGCCCGTTGCGTCATTTCAGCATCAAAAGCAGAAAAATTACCGTATTGGAAAAGTGAAACCGTCAATGGTTCTGCCAACATACCTAA	0
CCTTCCGATGTTGTGATAAGTGGAAAACATGTCTAATACTATAGGGTAAGAGGTTGTCTCTGAACTCAAAAATAAGTAAAGAAGA	0
CATTGATGAAATTCATCGCTTATCGCCTGTTGTGGAAGAGATTCTCTATCCTGCGA	0
GCAGCGCAAGCCCTCAATATGTTAAATGTCGATTCAGCAGGGTTTGATTACCTTGACCGCAAGTTATTAGTTGCCATTATTGATAAATTTATGG	0
AATCTTGTTAAGATCTGCGTGCGTTTCAACCAGCGATCTGTTCCAT	0
CCGGGCAAACTAAAGTAGAGGTAAAAAGACTTCTGACTGAACCGGCAAATGAACAAATGATCCACCGTACTGAATTTGCACA	0
TTCAATATCCGCGCAGACCACTTTCTGACATACAACATGCCTA	0
AGTGAAATAATTGGAATGCTTCCCCTGCTGAGCTGGGTTAATCCGTGAG	0
ATAATCTGATTCTAGAGATTAGTCTGACTAAATTTAGTTTTTCCTGTTTAATTAAAAGGGAAATGTTTTTTGTTTTTATCTCAAATTTTGCTGA	0
AGTACATGAAGGCTAATTAATGCACCTTGACAGATATAGAG	0
GCCATATTTTGTGGCAAGCTGAATACACCGGCACCAACCATAGAGCTGAGCACCAGTGCTGTCAGAGATGTGAGGCCTAATTTCTTTTCCAAAGATACGTTCCTAAAAATAATATAATCGACACGATTAGCCAGAACTCTTGCTCTGAATATCGAACACATATTGGACATTTATTGCATCCATGCTATGGATTGCAGAAAAGATTTAGTAGATAAATCTAA	0
TTTATTTAGTAAGCGAAAATATTTGCGACAGTTAGCATTATAAAATGTAATAATCAGGTTGATAT	0
TTTGGAGTGAAGAATAAGATAGGACTTTAGTCTTTAAATAAAAATATTTTGAATTATAATGAATAGTCATAGCCACAATTATAAGATTAAAATAATTAACATTCATACTAACACACTATTGTTAGCTGTCGTCATTTGCTTTTTTTATTTGTGTATCAAAAAACAATGAAATACAGATTCTTTTATTAACTCCTCATACATATTTTATTACCCTTTTATTTTATGAAATATAATCTTATGTCATGGCAGTAAAAAAAGAGCTTCATATATCATGTAATAA	0
CAGCAAATCCTGCAACAACGCGGTTGGTCGCATGTCCAGTTACGTCAGGGGGATGCGCTGAATTTGGGTATGATCACGCCCGGCATGTTCGATACGGTTGTCATTAACTCGGTGGTTCAGTATTTCCCCAATGTCCAGTATCTGGACAATGTTATTGCTCAGTTACTGCCTGCGGTTGAAGCAAGTGGGAAAATTCTGCTGGGGGATATCC	0
CAGTCTGTTTAACAGCGATACCATTGACAGATTACTCGCTAATTACGAAACCCTGCTGACCAGCATTGTTGAGGCGATGAGCGACCATTCGGTTAATAATGAGCCATCCGTCCATGATCTCCCGTTTCTGGCTGATGCAGAAAAACATATGCTACTGCATGAGTTGAATGGGCCACAGGCCCAGTATCAACGCGATCTGTGTTTCCATGAGTTGTTTGAAG	0
TGGTTGTAATTTGACGATTTGTAAATCGATCGTCATGTTATTGTCTGATTTCACGAAGATCTGTTCATTTTCTTGATGGAATTTCAAACGCAAACTTTCATGCCGTTCTAAAAGAG	0
AATTTTTATAATCCGATTAACATCAACAGGTGGTTCAGATCGGATTTTTTATTTGTTTTCTCTGTAAATATAGATTGGTTTGATATTTTATATAAATAAAATGATTA	0
TGGCGTTTCTTTCTTCTGGAGAAAGCAGGGTGGTCATTTCATAGGAAAGGTCATATATAGGTAAAAATGCCTTAATTCGACCGCCATTACGCTGAACGATATAAACTGCGCGTCTTAATGCTGGCTGATCATCTTGATTGGGGTCAATTGCAACTAAGAGATTTTGGTAGTTTGCCATATTGAGTTCCTCGCGGAGTTTGGATGCCTCTTG	0
GTCAATTGCAACTAAGAGATTTTGGTAGTTTGCCATATTGAGTT	0
AGTGGAATAATGTTTTCCTGGCCAATACCAAAGATATCAG	0
TTTTCGCCTCTTGGTCAACTAATTGATTTAGTTTCTTGATAAAGGTCACCTGAAGCTGCTGCCAGTATTCTTCAAAATTTTCTTCATCACGCAAACAATACGTCATGACTGCTGCACGTAATACATAAATGCAACGGACTTTTTCCCATTCACTGCGGCTAAAACCACATTTTTCGGCATAATACCATGGAGTATTA	0
GTGGCATCGATTTTGGCAAACGAATTGATA	0
CTCAGTTTATTGCCAATATTCCGGGAATGGGTGGTGTAGTTGAAAAAGGCACCACGGTTGAGCGGGT	0
GCGGTGGTTTTCATAACATCAGCTATTTGCCCTGCATCCATATACGGGAAACGCTGCATCAAG	0
GCTCGTCCTGATTGATATCAGGACGAGCTTTCTGAAAGTATCTTTAAGAAAAGATATATGTATTTGTAAAATTAAATATAACTTCAATAAAAGATACTTCCCCTGACTATCTATTCGAAAAATGTTCAATTAGTTGATTCATTGGTCAGC	0
GCTGATGCGGTAGAACAAAATGCAGAACGTTTGATTGAGGTACAAAGCCGCAATACAGGGCAGCTCAAGCATCTGATTGCCTCTGAAGAAGT	0
CGTTGCCCGTGAGCATCCCAGATTTCAGCATTTTCTGCACGATCAACATAGACTTGTGTAGTCACACCAACGCCTTTTGCGATAGCCTCACTACGCCT	0
ACCGCACTGCCAGTATCCTGTCTGATTCCCTTCACTTTCGTACCGTCATAAACGCGTCCCCCCAGTCTGGCAAAGCCATAAATCAGGCCTCT	0
GTCTCACGCCTGACGGTGAAATATTCTTGATGAACTGTCAAAATGCCATTGATATTCTTGAACAAGCTGAAGCCGATCTCACTTCGCATATTGCTTATCCCTCGGGAAGACTCCGTGTCGATTTGATTGAGGCAAGTATTGATCTTGCTATACGTATTGGTGAGTTATCTGATAGCTGCGGATTGGTTGCCCGTCGATTAACGGTTCAGAAACTGATTATTTGCGCCTCAC	0
CTTGGTTGCTGCCCTTTTTCTGAAGAATAACATCATAGCGATAACGCAGCATTTCATTATCACCCACACC	0
CCCGCCAGGGCCGTTCCCACCAGAATATCTTTTTCATTGCTGTA	0
TTTTATAATTTATTTAACATTAAATATTATTTTCATGTAATTTCACTTTGGTTAAAAAAAACACCTTGAATTTTATACGATATCCTATC	0
CACTTTATTGAAGGAACGACAGGGAAAAATCGTACTGTCCCTGACAATGTTGATCTGGACACGCTAAAATCACTGTTTAACGGCGCTTATATAGGTAATAACAATTATGACCT	0
TCGATGTAATCCGCTGACCTGCACCTTATTCCCCGAACGAGCTTGACGCTCTGGTGACCATTCAGGTTTAGCAAGTCACGGTCTCACCTTTCGTTGTCATCA	0
GCAGAGTCACTGAAAAAACAAGCGGAAGAAGCCCGTTTATTGTTATCGGTATTTCATAACCGTCGTTGGGATTCTGGTTTCCTGACAGTGAAATCACTCATTAAAGAAAACACCTTAGGAGAATTGAAATACTATGAATCCCACTTTGACCGTT	0
AAACCCGAAGCAATTAAGGCGCTGAATAAAGCTCTCAAGGGTAATAAGACTATCATTGTCCGGGTGATCCCGACAAAATACCCTTCCGGCGGTGCCAAACAACTGACAAAAATCCTGACAGGTAA	0
AACAACTTTATTGGTTCAGTCGCGGCCAGGAACACGAAAAAGCCAAGAACCAC	0
AGGAAGGGCGAATCCATATGAACTATTTCAATCCGCAATGATTTGGCCCAGCTACCCAGCA	0
AGTTGCGTGTTGACACAGTACGCACGGGGCGCGGATTTGCAT	0
TCCAACCATTCCTGCGCCGAACTGCGATGCGTCAGTATTGTGCGGGCACCGCACTGATTATCCATCGTCGTCAGCAGGTACGGCTTGCGGGAGGACAAGTCATAACGCCAGCTCAACGGATGCAAATCCG	0
TTGTATCAAGGCAACTGCATTATTTTATTACTACTGCACAGACACTCTGTATTACCAAAGCCGCCAGTCGATTGTATATTACTCCTTCTCCACTGGGGCGCAGTATT	0
CGGTCTCAACAGAACTCGCCACTGAGGATCCAAACGCAATCGCGGCATTGATGAAAGAATTTCCATTGGCACAATACCA	0
CTCGATTAAATTATTGAGGTATTTATTTTGTCGCACCACAATGGCTTCTTCTTCAGGTTTACCCCTATTAAGCGCTTCCCGGGCTGCTGTGTTAGCGCTACTTTTGTCGATCGTCACCC	0
CGGTTGATGAAACTCCATGTATCCGTCGGCGTTACAGGTCTGCTTAATGAACAAATCGAGCATCACTAACAAAGGAAACGCATAGTAGTGATAGTGCATGAAAGAACCATCACCACCGTCCATGTCGCCCATTGCCGTGATGTCCTTGGTTAGTCCGGTCA	0
GATCACTTCCGCATTCTGGCACCCAGGGTCAGCCGATACCGAACTAACCCAAAAAACCGCGCTAACGGCCATGA	0
TAGCAATTTAGGACTCTGTGGTGCAGAAGGTGACAATGTTAA	0
GAATAGCTATCTTTCACCTCGCCAAAAGGTGATGTTTGATAGCATAACCAATGCACCGTCTTCACCTTTTGGTGTTTATGATCCATCCAGCACAAACAACTTGGGTCCTGGACTGTCGGGATTTGTTGCTTATACGGCTGGAATGA	0
CCCAAGTTGTTTGTGCTGGATGGATCATAAACACCAAAAGGTGAAGACG	0
TTTTTCCTCAATAAAACCCTGACGAGTGCGGTGCAAACATTGCATCGCCAGTTGGCTTTCATCC	0
ATATAATCAGACATAAGTCACATGCTTTGTAAACAGCTC	0
TCTTCAGAAAAAAATGGCAAAGCGACCGGATGGGCGGCCTTTTTTGTTGAAGGTTCCTGGGCGGTAAAAGAGAAATAAGGGTTTGAT	0
TGATTTGCCGACGAGTGGAGCGGCGAGTCAAAAGAGTTCAATCTCATCGACTGATAA	0
CTATAAGGCCCGCATGTCCATGTGTAATCCTCCATATTGAGTTTCGCAGAACAATCATCATGACCACTAAACGCTTTTACTGTGACATTTTTGGCATTACTCGGCATTGTGCCACTAAAGGTATATGAGGGTGTTTTG	0
TGAGCCGCATAAAGAGAAAATAATCCTTCATTGTTTGCAGTCAAAACAG	0
GTATAATCTTTATAATCCGAAAGAAATTTTATCTGCCGAAATTGAAAGTCATAAGTT	0
GACACTGACACAACAAGAAAGCCAGCAACTCTTCACCGCGATGATCCACG	0
TTGTTCCGTCCATTAACCTTGCTGTTATCAGTTTTGTCAGTTTTATGATGACAGCCCGTAGTTTTGCCAGTAAAAATGGCTATCAAGTTGATGCGGATTTAGAACTGAGGGCAT	0
GAATTGCTGGAAGCAGGCGT	0
TCAGGTGAGTCAGATCCTTGCCTATTATGAAACTGCGATAAAATCAATGTTAGTTT	0
GATAATGCCGATAGGGCCAACTCGCGGTGTTATATTCGGTTAACTGCTGAATCAGCGATGCCCAAGTTTGTTGAT	0
AGCTTAATGAGTTGCCTCCGGTACATGATTTACTGCTGGATTATTCACGTCCATTGCAACTTGGCAGCCGTGGTGGGCTGGTGGAATTCCGTGCTGACAA	0
CCGTCCAACACAACTTGTTCGGGTATACCCTGTGACTCCTGATAGA	0
GATAGACATATCAAAACTGAGGGCCGCAAATTGCAGTACCCGATCCTGTTTTGAATAAAGGTAGACATCTGCAAGCCCGGCCACCAGATTCACCAATGCCCGATGTTCAATCA	0
TCCAACAGGCAGGATAATTGCGCAAAACCGACTAATCGTGATGCACATTCGCGATGGCTGATAATACATTGTGGCTCTGTATCTGCCAGCATGTACTGCACTCTGTCGTCAGGAAAGTCAGGATCAACCGGAACATAGGCCGCGCCTGCTTTCATCACTGCCAATAACGCTGTGAT	0
CCGAATTCCGTATCTGGCATGAGGAAGATGACCTCTATCACATTATGTTTGATCAGCAAACCAAACAGCGTATCCGCATTGATCAGTTTCCGGTTGCCAATCAGCTCATCAATAGCATGATGCAGGCGATTATCGCTGGTGTAAAAGAT	0
CCCCGCCATTCCAGCCTCCCCCCGGCAGCCATTTTAAGGTAATGGCGAA	0
GTCTTTTACTACATGAATTCCCGGTTAATCAAACCTTATGTTGGTGGCTATACCGGTAAAGACCCACTGGATAATTACCATACTAAAAACTTTTACATAATAAAACATTAAGAATCAGTAGGTGGCCCGGTTAA	0
AAGCATGGTTCAGTCAGTTCACCAATAACAACCAAATCAATATCGTGGTTTCGTGCAATGGCTTTCG	0
TCGGTAAGAGTAAAATCTGGTCGGTAGTAAAAGCGAATGCGTACGG	0
TATATAAATTTAACTACTTTTTTAGATTGAATTTATAAATTATTTATTTGATATTTTTATGTTTTTGGTTGT	0
TTTAAAATCATGTAACACTATTTTTTGAATATTTATTTAACAGCCTTCATTTG	0
AAATGCCCTGAGTGGTTTGCCATAATCGCGCGTCTGGACTGGCTTTGAACAAAATCACTGCTGGTTAATCATAGGTTTATTTCGCCTGGCTTTTTGCACAATGGGTTCATTTGAAATAAAAAAGATAATATATTTCCGGAGTTATAGCGAAAAATGCAATTATCAAAATTTAATGAATGACACCTTAATAAAATAACTCTTATATTCGGAAATATCATTATACTCCCTATATGCGAGAGCTTTGTTTATTGCTCTGCATTCAAGAGAAAACAATAACCAT	0
AAGGCGCAACCAGAGGCGGACACTTGCGCACTCCGCCGGATATCAGCGCTGAATTACTGCATATCACCTA	0
ATACCCGTCATTGATTCTACAAATCAATATTTATTAGATCAGTTAGCTAGTCTGAATTCAGGTGATGCTTGTGTTGCAGAATATCAGTATGCAGGTAGA	0
TATATCGGGAAGCGAAAGATTTTCATCCTGACAATTCTCAATATCACCTGAATAAACGACGCCCCGACATTGCTTCACTGGCACTGACACAGAATAATATGGATGAAGAAATTTCCACATTATCCTTATCTA	0
AAAGGCCAAGCCCTGCGTAAGTATCAACCGTATTTCCTGAATAGTTGGCAGTACGTCAGTGATGACAGTGCCCGGCAGGATATGTATGCCGATACCCATTACTATGATCCGTTGGGGCGTGAATATCAGGTTATCACGGCCAAAGGCGGGTTTCGTCGATCCTTATTCACTCCCTGGTTTGTGGTGAATGAAGATGAAAATGACACTGCCGGTGAAATGACAGCATAAAGCTCAGTGATGCCTGTTCACTGAACAGACATCACTCCATTTAGGAATGAATCATGAAGAATTTCGTTCACAGTAATACGCCATCCGTCACCGTACTGGACAACCGTGGTCAGACAGTACGCGAAATAGCCTGGTATCGGCACCCCGATACACCTCAGGTAACCGATGAAC	0
TTGCCAGCGGCGAAAAGCAAGCGACAGGAGATAACCATCTTCAGTGATGATCCCAGCCGGTTTCAGCTCTCCATAAAGCTCCCCATCATTAGAAAAGCTGGCCTGAACCATCCAGCTCAG	0
TAACCGATTGACCAGCCATTATCATTACTCACATGGTGCCTGGGATGGTCTGGAACGGGAGTTTCGTGGTTTTGGGCGGGTGACGCAAACTGATATTGATTCACGGGCGAGTGCGACACAGGGGACACAT	0
ATAGAGATTTCTTCATTAATCCCTTTTAAAGCAACCACTTCTTCTTCTGTTAATGTTAAAGGTACTGAGTCACGCAATGTTGCCCAATGTTCACGATCAAATTGTAAATATGGAGTTGTTAAAAAAGATT	0
GCTTCCGGCAATGAATTAAAACTCAGTAACCGTCAGATAG	0
TGTATTACTCAATAAAATCAGTCCCACTCGCGACGGTCAGACGATGACTCTTGCGGATCTGCAATATTTATCCTT	0
TAAAGAGGATGCTATTGTAAATGGCGGA	0
AAGGGTGTGCTCTACCAACTGAGCTATATCAGCACATCTTGGAGCGGGCAGC	0
AACAACACCAGCACCTACAGTACGGCCGCCTTCACGGATTGCGAAACGCAGACCTTCGTCCATTGCGATTGGATGAATCAGGCTAACGATCATGTTGATGTTGTCACCTGGCATGACCATCTCAACGCCTTCTGGCAGTTCGATAGTACCGGTTACGTCAGTTGTACG	0
ATAACAAAAACAGATAATTATACAAACTTATGCACAG	0
AAAATATGGTGCCACCTATGGTTACAAAACAGTCGCATAAAATGGAGATCCACGGAG	0
CAGTAAAAGCAATGGGCACACCTCAGCATGTGACTAAAATAGCGCCAAATGAAAAAGTGGTTGTCTTTGTTATTGCAGAACAGGGTGTTTCTTTGAATAACGAATACGCTGATTTTGTCTGGTTTACCCCCAAAGT	0
TCCAGCTCAGTTCCCCAATGATGGCGGCTTGCTCCCGGCAGGGCAGACCAACGGAGGATAGCCTTACACAGTTCACCTTCACTCAATGTTGAGATATCAATCGGTTGACTA	0
CTGATTAGACATTAAATCTACCCCACGGCTTCCCAACCATGAAACAATCACACCAACAGCAATCGCGAGCAGCGATTTCCAATTCAGAAAGGCGCTAAAGATTTCTTGTGCAG	0
GCGGATTAAACAGAAATTATAATCGCGTTTGCCAAACAAATGCGATTGACCTTCTCTTGATCATTTTTTATGTTTAAACAGAAC	0
TGTGGGATATGTACCGCTGGATAAACGTGCCTATTTTGTTCCTGAAGTTCTTGATGGCATGGAACACTTATCTCTGGTGTGTATCGATAACATTGAGTGTATTGCGGGTGATCAAGAATGGGAAATGGCTATTTTTAATCTGTATAATCGGATTGTTGAAATTGGTCGAACTTGCCTTCTGATCACAGGTGATCGCCCTCCACGGCAAATTAACCTGACGTTACCGGATCTGGCATCTCGTCTGGACTGGGGGCAAATTTATAAATTACAGCCTTTGTCTGACGATGAAAAAATTCTGGCATTACAGTTGCGGGCCAAGTTACGGGGTTTTGAATTACCT	0
CCAATAACGCATGACACTGGCATTATTATCAAGTTGATGAACAAAACGTAGATCTTCCCGTTCAAGGGGACGTAAGTTGACAGGTAAATTTTTTGAACCATTCGGCATTCTGTACCTCAGTGCTTTTTTTAATGG	0
CGCCGCCCTGCGGCATCCCCCTGTTCCGTACCTGCACCCTTCCATCCGGCATTTGCACCGGTGCCTTCAGCCAGCGTTCGATATACATCACCAACCAGCGTTCCTGTGTGTGATGCCGCACTGCTTTCAGTAACAGGGCATGAGCAATATTATCAAAGAAGCCTTTGATATCGAT	0
GCAGAATTGCAGGCGTCAAAGAGATGTCCTCTGCCAGCTCATTGGGAACC	0
ATGTCCTTTTTCAGACTGGTTTCATTGGCATAAGATGCACTGACACCAATAACCTGGTGATGGTGTGCTTATATTTTGCAAAATGCGCTTGCTATTTTTTGAATCCGCTTTAATTGCAATCGCTGGAATTGGAT	0
GCATCCCACCGAAAATAATTACACCACTTGTAATGACCAACACAATGCCGACATAAACAGGTTTAATATGAAAGGCAAAATCAGCCGCTTG	0
CACTACATTTCAGCAGATTAGCGTTATCCATCAGGCGTTCGAAATCGTAAGTCACAGTCTTGGCAGCGATCGCGCCTTCCATTCCCTTAACGATTAAA	0
AAAATTTCAACGCTAATGCTTTGACCTACGGTAAACTCTGCATCGCCTTCTGACAGACGGAATTCACGCAGGATGCGGCCAGCTTCAACGCCAGCTTTAGCGAAATGACCTGCTTCAGATTTATTAACGCGGTTAGCTTTTTTGCTACCAGTCGTTACCTGAATTGCACG	0
TATTTTTTACACAGTTGATGACACAGCAATAAGGGTTGATTACTCATAACGTAAAGCCTCAGCAGGTTGAGTGGCAGCCGCGCGCCAAGAAGGA	0
CCAATGTCGCACAAGTATTATCTTCAAACCCTATCAAATCAAAGATACTCGTT	0
CCAACAACATCTAACATTACTGGACCCATAGCATTCCTCACTTCTTTTTATTGGTCGCCATCTATAGTTAATTGAAATTAGTTTCCACTCAC	0
GCAGGGCAGACGAATTACACGGCAGCGAAAGCAGGAGTTATTGGTTTTAGTAAATCATTGGCTCGTGAAAT	0
GAAGTACCATGACTGGAACGAATGGCTTGGGAAGGCCTTGCGTCGTTAGAAACGACATGTTCCGCAGGAATAATTTGCAAACGACTGAGCAGCTCAGCACTTTTGTTTG	0
TTTAAACATAGCTGAAGTTGCGACACTTGTTGCAGAATGTCCACCTGCACCGCCTTTCCCTTTAAATGGACACGCAGGACGCTGCCATTCATTGATAATAACAGGTTTTGTTACTATATCTGGTGCTGGTGCCTTCGTCATTGGGGAATAAGCATGAT	0
CACCAACAGTTAGTCCCAAATGTACAACGATAATGTCAGCGCCTGCTTTTGTCATTGCTACTGCATCTTCTGGATTAAAAACATAAGGAGTAGTCAACATTTCTTTTTCATGCGCCAAGC	0
GTATCTCCCGTCATAAGGTGTTTGATGGAATAACATAAACGCGGGAAAACCTCAAT	0
GATATCCCACAAATGAAGCCACTGGTTCATGTATCAGGTATGTTTGGGGCTTTACGTAGCAACATTAGCCTTATTGCGCCTTTAG	0
TAATTTATTAACATTTTTAGCTGAAGGTAGTTTATTGCCATTATCTCGCAAGT	0
TCCCGCGTAACGCACTTTATGCTACAACTGTGGTAGCTGGATTATGTTTCCTCAGTTCCATGTTTGGAAACCA	0
ATACCCTTATCGCAAGATGATCTCAAAAAAGGATACAAGGTATTACCGATAATTATTCCCAATAAAATAGCAAGTGCCAGAACACCCAATCCCATATCAATAAACCATGGAATATTGCTGATATAGATAGCC	0
AAAACTGCTGAAATCCTTCTTGATTTTCTCGTCCCAAAAAACCACTGACAGTGACATCAATACCCAGATCGCGCAAAACCTTCGCAACATTATTTCCTTTACCAGCGGCATGAAGTCCTGCTGTTCGTACACGGTTAACGGTTCCCTTG	0
TGGCCATGCCCACCACGCGGCGGGAAAATAAATCCATCACCCCCGGGTATTTGGGCTGGCCGGGGCAAAATGCGGCTGCAAAAAATCCGGCGACGCCACGTGCTCTTTCCCCGGTGGACGATAACGGTGGACCCCCGG	0
ATGTGTACAATAAATTAACCTACCGGATAAAAAAAGCTAA	0
AATCCGACAGAAAACATTTCGCAGTTTGCCCTGTCACTCTCTATGAATGACACCGAA	0
TGTACTGGCAAGTGGGCCTGTAAATGTTGCTGGGTCAGCAATAATGCGGGTTTACTGTCTGACAACTGATAGGCCAGTCGTTCGCTTGGGTATTC	0
GTTGATTCAGTTCCGCATAACTCAGCCGAGTATCCTGGTACACTAACGCGATTGCGTCAGGATTTGACTCTGCCTGTTGTTCAAATAGCTGGTGGATC	0
AGCGGTAAGATCACCGGCATATCTGGCTTTTTGGAATATCATGACGGTTTGGAAAA	0
GATTTCTGACAAACCTCTGGAGCCTGAATCAGAAAATAACTTTAACGATTATGTGGAATGGCAACAGAAATGGTTAAAAAGCGCCAG	0
CGGGATGAAGTATTGAATTATGTGCATGGTACTCCGGCGATATTATCGCTGCGTCATTTTATGCCTGATG	0
CGCACTGAAAAACAGTGTCCTGAAAGGGCGTTCAGTGGGTGTGGCTGCTTACAATGCCAAACAGGCTCTGGACTGGGGTGTTACCGGAGCAGGTTTACGTGCAACAGGCATTGGTTT	0
AGTTTGTCCTGAGTGCGGAAGAGCGTGATGCCATTGAGCAGGAAAAACACCACTACGAAGATCCGCGTGCTGCGTCAATTGAAGCGCTGAAAATTGTGCAAAAACAG	0
TTAATTTTCTGGAGCATTTTCCGTTCCCTGACGTACTTTCATTCATTGCAATAGTCATGGTCGTGATGTTCTTCGTGACTTCAGCAGATTCAGGT	0
TACCTTAAAGAAGGTGGACAGGACTACGATTTAATGGGATGGACGCAAGAACAGATTATCCA	0
GTGATGCTGCCATTCTTCTAATTCTTCGAGAAGATGGTTAAATACCTGACTTAATTCATGCAGTTCGGCAATATGGGCTGAGGGG	0
TTCCCCCGTCCAATTACATTAGCGTTTTGACCCACATTAA	0
TTGCTGAGCAGGATCAGGATCATAAACATAGTCCAGATCAATATGG	0
GCCGCCACGGGCAAGCAACCCCGGGTCTGGGTCTGGCCCTATGGCGTGGATAACGGCGTTACTCTGGAGATAGCCAAACGCTATGGCTACAAGATGGCGCTGACACTGGATGATGGCTTAGCGAATGCCAGCAATCTTAACAACGTTCC	0
GCAGCTTTACTAAACTCCCAACACCACGTTGTTGGAGTACTCACTCGACCAG	0
CGAGTACGATCACCAAAAAAATGATTTTGGCAGTAAACAGTAATCGGTTAATTAAATCAACAGAATGAGTTCCGATACAGACAACTCCACCGCCAATAATCGTAAAAGTAATAATTCCGGCAGAGA	0
TCAAAAACAATCCAACTGATATTATTTTAACAGATGTTAATATGCC	0
TCATCAAACACAATGGAAGGATCGTTGACGATATTGCGAATAATATGTGTATAAGAACGCGAGTGAATCGTCTCTGAGAA	0
CGGCAACGGGCTGCCGTTCTGCGGGTGCGGGCGGCAGAGAGCCTGCCAGCGGTGCCCCTGCGACGCTCTGGGGCACGGAACGTTCAGGCACAACACTGTGTTTGCATGACAGCCTGTTTTGTTCA	0
CACTTTTATGGTCCTTAGTAATAGTTAAATACCTTAAAGCCGGAAAGATCCCCGTGATCTTCCGGCTTTGTTCTGTTAAG	0
TACCAGCTAATCCCATCTGGGTTCATCCGATGGCGTGAGGCCCGAAGGTCCCCCACTTTGCTCCACAGAGGTCATGCGGTATTAGCCACCGTTTCCAGTGGTTATCCCCCTCCATCGGGCAGATCCCCAG	0
ACATCTCGCCAGGGACAGCCTGT	0
TTTTCGTTAAGATATTGGCTTTATCATCATAAGTAAAACTTTGTGATAAACCCCAGGAATCAACACGCTGTGTTAGAAGCCCTATGCCGTTATAGGTA	0
TCGCCTTAATGGTGTAGAACCGGAGGCGTGGTTGCGGTACACCATCAGCCATATAGCCGATTGGCCATCAAACAAGGTAC	0
TATGCCAGCGAAATTAGCCGCCTGAAAGCCCGGGTGGTAAAACTGCAACGTATGCAGTTCGGCCAGAGTTCAGAAAAAATACGGCAGAAGGCTGAACGACAGATACGCGAAGTGCAGGCGCACATCAGTCACCTTCAGGAAGAAATGGCCGACA	0
TTGAAGTGCGTTCTGTCGCCCAAAGCGACCATCAGAGCCGATGCCCCCAACGGGCCGATACCCGGCAGTGTTAGCAAACGA	0
GCCGCCAACAGGCACTGTATCTGAACTTTCTGCAACCCGCGG	0
CCTGGAAGCAGGGCATCAACCACTTCAGCACCGTAGTGCCTCGTTATCACGCCTCAGTGTTATCAGCGGTCCGGATTTTCCAAAACCACCCACCTACACGCTTCAACCGGGACGACCGTCGCCCGGCTGGCCTAGCCTTCTCCGTCCCCCCTTCGCAGTCACACCGGGTACAGGAATATTAACCTGTTGCCCATCGACTACGCCTGTCGGCCTCGCCTTAGGGGTCGACTCACCCTGCCCCGATTAA	0
ATACGCCAAGGGCAAGTATCAGAATCACCCGTCACTGTCTATGAATGGT	0
AGTTAACTGCTTTCTGGTGTAACAGGAGCCATTTGCGGTCTTGCATAATTTTTTGA	0
ATACGGTGTGTGCTGGTAATTGCCGAAACCATTTCCCAATGCCTGTATCACATCGAGATCCCCGCCACGCAGCCGGACGAATGCACCGAGATCCAGATCCACGCCTTTATTGCCTGAACCGAATATCCC	0
GGTGTGGGCGAGTAAAAATTATCTATTCAAAATAATGAAAATAACTTG	0
AATTCCATTTTAAACAAAACTGCTATCACTTTTACTATCTTATGACAAGAGTATTTTTTACCCTTTGCTGATTTT	0
TCGGTCAATACCCTCATAGCGTGGATCATCGCTGTCATCAACTG	0
GCATCTAATCTGCATGAACTGCAAGAACAAGTACGTTCGCGTTATGGGGAATTAAGTAAAAGATTAC	0
TTTTCCGGGGGGAGTTTTTCCTGAGCGAGGAAATCTTTTAGGTGACGGCTGACCGTACTGTCATGAATACGCAAGGCCCGGGCAATCCTCTGAGCTGTCCAGCCTTCATGAGCCAGAAGCCCGGCCTTGATGCGGTCACAGACCCGACTGTCACGCGTTGTATTGTGCATCAATTCGGGGGGGCATTTTTGGTCTGGGGTCAGATGAATTTTCAGGGTGGCAAGCATGATTTGGTTTGGATAAGAAATCAAGCATCTTCAATGGCGATTGGTATAGATAATTAACTATCATATCGGCACTAATCTCTTTTTCAACTATTCCTCCTTGAG	0
TGCACGTATCCGTGCGTCTTTGCCGACGATCGAGGCCGCG	0
ACTGTACAAATGGCTCGGCTACAGCCAGCGGGATAATGACCTGCCGCAACCTGCCTATTGCTCCCTGAGCCGGGCACTGG	0
ACCGTGCTGGATAACCCGCGCCGTGATCGCATCGAAAACTTTG	0
CATCGGCGTGTTGCGATCCCTGTGAGAATGGTCGGTGTGTGGGGTTG	0
ATTCTGCGGCGGCATTTAATCCGTCAATCCGCTCATCCAGGGTTAATACCACTGCGCGGCAAGATTCTGTATTAGCCATAGCATCACCTTTATAGTATGGATAATAACGGGGTTAATATTGT	0
AATGTTAGCAAGTTCGCCAATCGGATCCGTTTGATATTTCTCACCCTGTTTCAGTAATGTTACAGTTTGGTTTTCAACATCAATCTCAATGCAATCACCGGTGACTAATTTGTCACACAAGCGCGCCTGAGCGGCAATCGGTAACAACTCTCCGGTTGATACACAATTGCGGAAAAATATACGCGCATAAGATTGGGCAAG	0
CACGTCATTTTTGTTGCCCATCAGGAACGCCTTAACAAACCGGGCCTGCATCAGTCGTACCTTATGCCCCTGTTTTGTCAGTTCTCGTGCCCAGTGCTGAGAGCCACCACAGGCCTCCATACC	0
TTTATTAGCTGAATTAGTAAATGTTTTCGAAAAAAACCATACGCCAACTGACCTTTCCCTCATGGTTTTAGGCAATATGGTAACAAATTTAATCAATACGAGCATTGCTCCTGC	0
AAACTCCTCAAGCCACGTCGCCGCTGATGACGTGGCTTTCTTATCTGGATAACCTGCATACCAAAGCCATTGATATGGGGCTTGAGCGCGTGGGTAAGCTCGGTAAGCAATTAGACTTACTGAATCCGGC	0
ATCATCTGACAGGGAAAATACCTGTTCAAACAATTGCTGTTTTGAAACAGGGCGTCCCCTGCG	0
CATCCAAATCAACGGCCTGTTCATCCACGTATTGGGTACGAAGGCGAAAATCGATGCGGCTTTGCTGGCATTCGATGGTCAATGAAGATGCACCCGCCAGTGTTGCCGCCAAGGGCTGTGCACCCCCCATGCCTCCCAGACCCGCAGTCAATACCCAGCGTCCGGTTAAATCGCCGTTGTAATGTTGGCGACCTGCTTCCACAAACGTTTCGTAAGTAC	0
GCCTACCTGATCAGCCACTTGGATCTGCCCGGTTATACGCCAGCCCAAAAACGACTACTGGCGATTCTATTGAAAAATCA	0
AATGATAACAGTGAAACAAGGCGTATATAAATCGTTTTTGGTTATTTTTTTTATCGTTATTTTAGGGCAGAATGCAGATTGAAATGTTTTT	0
CTGATATTTGAGTTGTTGAAGTTTCGGCAAAGTGATCAGCTCGTCCATGCCTTGAGCGATCATAATTTCCTGCAAGGCCTGCACGGTACCGGAAGCACCAACACAAATTTGCCAGCCCTGTTCAAGCAAAATAGCGGTGACAGGGCTGAGAATATCATG	0
ATAACATCCGGAAAAATTCCGTATTGTCTTCTTACGCTAAGCTACGCCCGGCCTTTGATCGTAAACATGGTACGGTGACAGCGGCAAATAGCACA	0
AAATATTCATCATCCAGCTCTTCCAGTGCTTTGGCCTGATCTTCAATCACGGAATAAACGGCAGAATCTGCCGTGGTCAGATTTTTCTTAATCAGGCTAATAATTTCCTGCTCTAGCTC	0
GCCGATATAAAATATAATATATGAATTTTGCCGATACAGTGGACAATCATACTCTACAAAAAACCACGGATTTAAGGTAA	0
GAATTTGATCCACCAGCTCTCGCTGGTAAATACCGGGCATATAAGCCGGAGACCAGCGGCGAATACCGGGAATATGGCTATTTTCCGCAGGTTGTAATCCCGTGATATGTACTTTGCCTGACTGGGATTTCAGATAGCGGCTCACACCGGTGATTGTCCCCGTCGTTCCCATACAGGAAACAAAATGCGTAATTCTTCCCTGTGATTGCTGCCA	0
ATTCTTTTAGCCTCTTCCCATTGCTTCTCGTATTCAACGGGAGAAATGCCCCCATTAAAACTATGGGGGCGAATGTA	0
GTGCCTTGAAGAGGAACTGCCGCTTCTGATCGCTAGCGAGATTGTTTACC	0
CAGAAGGCGCATCAGCCAATGAAAAACGGGCACAAAGATCAGTACGCGGAGCACCGGCGCGAACCATATTGGCCTCGCCACGATTGCCAAGGCATAAACCTAAGGCATCAATCGCGATAGATTTACCGGCTCCGGTTT	0
TTCCAGTTCTTTGTACATATTAACGAGAGAAGGCGGAGCAGGAATGCCCGGTTGTACAGAGAAGGCTAACCCGTGAGCCTGGTTCGGGCCGTGATAAGGGTCTTGTCCCAAAATCACCACT	0
CCATTTATCCGCCACAACAAGATGTTTTTAACGCATTTCGCTATACCGAATTGGCTGATGTAAAAGTGGTGATTTTGGGACAAGACCCTTATCACGGCCCGAACCAGGCTCACGGGTTAGCCTTCT	0
TAATGCTATTTCTTCGGAACAATTTTACCAGTTTCACCCAATTCAAATCCCTCTGGTAATATCCCATTTTCATCTAATTTATGAAACAGGTCACGCATGT	0
AAATTTACGAGTGGGACTCTCAACATGGTGAACTGGAAGGCTACCGCGCTAGTGATGGAAAACATTTAGGCTCGTTTGACCCGAAAACAGGCAGACAACTAAAATCAGCAGATCCAAAACGCAATA	0
GAGAACCGTTCTATTAACCCTGTGACCGCATTATGGATCATAGCGATTCCATTGATGGACATGGTGGCCATTATGT	0
GTAAAAATAGTATCACCGTCATTGGCGAACTGCCTTTCGCAACAGCTAAGCGAATTGCAGCAAGTGTGACGTTTACGGGAGAAAACTGATGGTTAAAGAATGGGCAACGGTTGTCCGTTGGCAAAAAGGTCGCGCGTT	0
CTGTTGTTTTCAGCCCGACAAATAGAATTAAAACGCGTATGGTAAA	0
CAATGGGTTGGTTATTGAAATGTTTATCATTCAGTAACAGATGCCGTTCTTCCGTTGCTTCTCCGATAACAGCATAAGGAGCACGTTCACGAC	0
GAATCTTTGCCTACCGGAATAGTCAGCCCCAGTGCAGGACACAACTCTTCTCCCACCGCTTTCACCGCCGCATACAGACCCGCATCT	0
GAGAAGATAGCCCGTGGATGCGTATTTTCCGCAATGCGCGTAAACAATTAGGTTAATTCATCTCTGTATTTTCTGCTGAAAAGGCCCTGAAAATTTATCAGGG	0
AACATATATTCTGCGCGCTTCAGGGGATGTTTCAGCGTCTGATAGCCAGTGTTGATAGTTGTGGCTTGCTGAAGTGCCAGGGTTTTTTCACGTTCTGGCTGGTTGGCAAAACGAT	0
GATCACCATCCATCTGGAAGGCAATGGAAAGTTAGGCGCAATCCAGCGCGCTGGACGAAAGATTGATGGGCA	0
ATAAGCCGGACGGGTTGTTCTTCTGGTTGGCTGAGAGTAATTCGGCTTCCGCTGGGAACCTCTATTTCGGTAGCGGCGGACCCATTTGTCA	0
TTGTGACGAGCACAATCCACAACCTGACGGATACGTTCCTCGTTACCAATATTACCGGGATTAATACGCAGGC	0
AGTCAATACCTACCCTAATGACTCGGATTCTTAATTGTGGTTAATATTCAATCCGGGCCCAAAAAACAAACACAACATCTAACAAAAAATAGGGTATAACTATGACTAATAATCAATGTGAAAAATACAGCTTAATCCCTCCATTTGTTTTGGAGTACATATCTGATAATTGCGATGAATGTACTAATCAATATGTATTAAAGACATTAGGTCATGTTCATCACTTAATGGATACGTCTATCAAAGA	0
ATACTCCTCATTTCTGATAAAAAAAGATTGGATATGATCTAAAACAGGAATATAAAAAAATTCTTATATTCCTGTCCTATACTCCCACCTAGCTTAAATCATCATTTTGAGTTCTTTGAAAATATATCAGAGTACTGACAAAAATGTTTATTATTTTTCATTGGCAATGTTTTGCTATAAAAAGTCAATACCTACCCTAATGACTCGGATTCTTAATTGTGGTTAATATTCAATCCGGGCCCAAAAAACAAACACAACATCTAACAAAAAATAGGGTATAACTATGACTAATAATCAATGTGAAAAATACAGCTTAATCCCTCCATTTGTTTTGGAGTAC	0
CGATTTCGATAAGGATATCTGGCAGATACCTGCTGAGCGAATGAAAATGCGCCGCCCTCACATCGTCCCGCTATCCAATCAGGTTAAAGCCATTCTTATC	0
CAGCAGAGTTGCCTGCCGTCTGGCTTGGCTCGGAGTGGCAATACCGG	0
TTTAAATCTTTATGTACAGTGGTATATTCAATCTCATTTTCATGTAAACATAAAAAAACATCCTCATACTCACTATCTAGTAAGCATTTTATTTCTACAGCTTCATTCTCCAAAATGTATGGCATAGTATAATGATTTGAATCGAGCCTGTATAACTCGATACGCTCACCCATTCTTTCGCCAT	0
ATTTCCAATATCTGATCCATTTTAAAACCTGCCAACTTATCACACAATAACATGTACCTTT	0
CCGTATGTACGATTCATTGACTGATGAACAGCGCCAGAGATTTTTG	0
GGGTGGGACATGGATATTTGGGTAACAGCACAAGAGTGTATCGGGCTACCGAATTTACCAACGGCCCCTTTTAACATCTCTAATCGTTTAAAAAAATTCGCAACTGACGACATGATCCGCAAGCG	0
AGATTGACAAGAACCGTCGCAAAGGTGCGGACGGCAAAAAACGCCACGGCGACAGTGCGGGTGCGTACCTGATGTTTACCCGGGCCACCTATATGGATGGCCAGCTGATTGAATTTATTCCGCTG	0
CCGCTTTGGCAACGGTAAACGCCCGGGCATGGACAGCCGCATCTGCCTCCTGCCAGTTCCAGGTGATGTCATAGCCCTTGGCACGGAAATAATCGACCGCCAGCCGGGGTTCCAGCTTGGCGGCGTAACCT	0
TGACCGTCAATGAAACCACCCTGAAACCCGGTCTGGCGATGGCGGAATACCAGTCACTGCCGG	0
GGGGTACCGTCCGGTTGCGCCCATTGCTGATAGTGGGTGGCATAGTCATCCAGTCCGGTGGGGTCAACCGGGTCGGGCAGCGGTTGCGGGGCATCAAAATAGAGACCGTAGACCGCTACCCCCGCCTGGCTTTGGGTATCACTCCATAAATTAGTAACCTGCGTCAGCGT	0
TCACGACAGAGCGGGAAATTAATGTAACGTACATCAATCGCGAAAACAGACCTATTTATGTCAGCTGTACGGTAGTGCGTATTACCATCCAAGTAGATCACCCA	0
TCTGTTTTGCTGGCTTACATTATTGCTGGGCTTTTTGTCTTTTTTATCATGCGTTCAATGGGGGAAATGCTGTTTATTGAACCTGTAACAGGTTCATTTGCGG	0
CCCCTTAATACACTGAATCGTCAGGGGCAACGCTTGAAAAAAGTGTCGCCGTCCCGGCTTTCCATCAGGCCA	0
ATAATGTGGTTCAGCACGTTAAACCGTTCCCGTACCAGCAGTTCGGTATCAGCAGCCAGACGCGAACCACAAAACATGTACAGGCTGC	0
GGAAAATAACCGCCGACAGCTCTTTGGCGAACAGGCCACCCAGGTTGACGCTGTGCCAGTGCCGGAAA	0
TCACAACGTCGTTGACCACAATAACCCATTGTCACTGCTCTGCACGCTTTAAATGGCGCGCCCGACAGGATTCGAACCTGAGACCTCTGCCTCCGGAGGGCAGCGCTCTATCCAGCTGA	0
TCGCATTGGCTTGCGCTAAGTCCAGGTTCTTTTTGGCACGTTCTGCTGAAGCCAAACCGTCAGTAATCTCTTTCTGACGCTTTTCAATGGCCGCCATGATTGGTGGCCATACATACTTCATGCAGAACAAAACAAACAGGACAAACGCGAAGGCCTGGCCGAGGATTGTTGCGTTAATATTCACGGCACAATACCTCTATTTCAATTAATG	0
ATGTCGCTAAGAGTTTTTTACAAATAAAATCGCTCATTCTGAACGGTTTCAGGAAATCAAAAAAATAATCAGACATAAGATGAGCACGGCTATGTCTATAGTAATTG	0
AGTTTTCCATCGTGAACCTTGAACTTTCGGATCCTCCGGCCGAAAGCATCGTATTGGTAGTGCCAGCGCGAGCCGTCCGAGGTTTCACACTGCGTCAACTGATTCAGTACATCCCAGCGGTAACGCCACACTTGCGGCCGGAAGCCGTCACGTTGCTCTGTTTTTTCAATCAGCCGTCCATTGGTGTCATAGCGATAGCGAATATTACCGTGCTGCACCACCCGCCCGACT	0
TCAAGCCAAACAGTCCCGAAAAATCCGCCGTTGAACGGTAGGTTCGGGTCAGTGACAAGGGCAGGGTGCCGGACAGGGAGAGCATCGGCCACTGTTGCAGAAAATCGCCCGTTGCCATATCGACCGGATCAC	0
CCGCGTGACGACCTGAATCAGCCGTGGCAGGTGGTGAGCGCGAGTCACACTGGCAACCAGCCGGGCGCCCTGGAAACGGCCACCGGTGACAGCGGCACCACGTTGCACAGCCAGTTCAGCTTCATCCGCCATAACCAGCACTG	0
ATTAAAAATACCTTTGTGGCCTTAAGTTTGTTTGCCGGAAACATTAATGTATGAAAGTGTTTACGAGGGGTTTTACATCAGTGTAATTTAGACCCGTTTGCCTTGTAGTTGAACTGACCTCT	0
TAACTGGCAGCCCGTTATCTCATTGATTTTAATTGCCAGTAGCTCTGTACCTCAGCGTGAACGCTGATAGCCAAAGTCACCGGGAGAACGTTTTACAAGTTGTACCAGTAGCGTGCAAAT	0
CTGACCACCATGTTGATGTTGCACCGAGGCAACATCGTCAGTGATGTCACCAGAACCCTCTGCTGCGCGCGTTCATCTCTGGGACGGTGGATTAACTGGTTTACGTTATAGGGTACTGAAGGTCTGATATCCCCGCGACTGGGTCATAAGCGGCGCTGGCCGTTTGAACAGATTTGCACGCTACTGGTACAACTTGT	0
GCTAATTGTTGTAGAGGCGACCAACCCAGTAATGCCAGAAAACATAAATAAAATAGCGAGCTGATAGCTATTACCAGCGCCGGTTTTGCTCAGCCAGTAGGCATACATACCAAATACAATAAATACCGATAGGCCAA	0
ACTTACTGCTATATGTTCTGTTTGGCCTATCGGTATTTATTGTATTTGGTATGTATGCCTACTGGCTGAGCAAAACCGGCGCTGGTAATAGC	0
GTTTTCTTAGTTTTCTTTTTTCTTTATTTAAACGCAAAAAGAAGAAGCCAAATTCTATTTATCCATTACGCTAACAGGAGTGTGTATGTCGAAAATTATTTTTTTATGGGGGCCAGCCCGTTCATTATCCACCGCAATGTTGAAATCATTTCAAATGCGCAACGATACTACGGGGCTGTTTGAACCCTATGCCGATACCTATTACTTTTCCAAG	0
TCACCAAAACTTTCTGACACCATGCAGTTACCAACTGGATAGTCAAAATACTTCATATTTAAGATAAAACTACCATCGTTATTTATCTT	0
GTCGCAGATTATGGTGAATAAGCCCAGCGGCCACAGTCGCCTGAGTAAAGCGATCCACCAGAATAAAGCCGCCCAGAGTGGGGGATTGTTCATAGGCATCCAGTACCAGTGGGCGA	0
GCCGCCGCCATTACAGAGGTAGTACAACGTCTGAAGGTCATTCACATTTTGGGGGACTGGCCGGCACCGGAGACGTTATCCGGCCAGTATGAGCGGGCTTTTTTTCCATTGACCGTCATGATTGTTGATGCGCAGGAC	0
GTCCGATGACTGAGGACAGGATTCACCGCGCCTTGACCAACCAAATGGTTTAACTATCAGTTTGGTCACGC	0
GGGTTTCTTTGGTTAACAGGCCATTAAAGTATGTCCAGGAAACTAATTTATTCAGATAGCGGTTATATTCCAGCGGTTGATGGCCAATAATCGCTTCTATTGTTGGAGTATGATTGTAAAGATACCAGCCGCTGCGGTTAACACGTCCCGGCGGGACATAAATGAAAGTCAAATCTTGTTCTGACAGATCCGGGGATATTTGAGGATTAACCAGTGTCACCTTACCAGGCAAAGCTTCAAAAGCGGCATACAATTTGCGGGTCAATACA	0
ACAAACACAAACCACTCATCATCATTGAACAGTAATTCAACACGCTCATAACGAAAGCAGACCGCCCGCCAGATAACATTCATTGCGCATCCCCCGTCGGTTGCGCAGTCAAT	0
CCCCCAGGGCTTTTTCAATAAAACTGAGTTCACCCCGCAGTTCATTTTCGGCCAGATGCCCGAGAACACACTGCAACCGGCCCGGCCACGGTTTAAACAGGCAG	0
AAAAAGCTATCAGCAAAATCTGATAGTGAGGAATCTCAGGCCTCGTAAGATCAACCCACTGGTAGGATGTTTCTGCCAGTGTGTC	0
ACCATTTAATCCGGTACGTCCGTTGCCACCGGTGGGGGGCAATCCTGCTATCCACGGTATTGAGCCACAGGAAGCCGATGTTTTTATGGATCTGCGCGAGCGGGTCGGGCACACGTTGGTGATGGGGACA	0
GTTCAGGAAAACGTTCATGATTTTCCAACGCCGGTCCCAGAACTTCCACGTCGGCAGTGTTCACATCCTCAACCTGTATGACACAATGGGGATTGCCCATTGCCACCACACCGCAAAGCACCGTACGTTCAACAGCACGGATGATATAGGTTTTTTCAGCCTTATTGGCCCGAAAAGGAACACGCTGCGGTTCAAAATCTGGCTCGCCCATGTT	0
GCGGTGGCTGCGCTCAATCAGGTCTGCGAGCGGCTGGTTTCATCACTGGCTTCTGCCGGTGTGATTGCCCGCCGGCAACATGGCGGGCAGATCCACCGCTGGTTGCTGCGTCATTTTAATCCGGTGCCGGACTGGGGGATGGCAAAAGCCGATTTTTACCGTACCGTGGGTTACGAAACCCCCACACCGTTCGATCTCCCGGTCAATAATGATTTTGCCGAAAGCCTGTGG	0
TCAGCCACATCCTTGCCCCGCACCAGAAAGGTCAGCGCACT	0
TGCCGGAGAAGGCGCGGTACCACAACTGGCCGTTGATAC	0
ATAAAAGGTATATAAACAAAAAAACCGGAAAATCCTTGTGA	0
TGGTTATTTGGTTCCACGCCTGACAAGGGAGATTGGTGGTGAACCAAGTAAGACACCGCTGGATTTAGGATTGAAACAAAGCTAGTGATATTTATCCTGCCTGCCAATCACTGATTCGCCAATACTCTCTTTCAAGAAACACTCTCTTTTAAGAGCTTTAGGAATGGGCAGCGCACAGAAACCA	0
TACGCGCTTACCGGTTGTGATCCCAGAAAGAATCACGCTTGCACTGTGTAACCGTTTAGCACAGTCCCATTTGCAGGTGATCATGGTGACTCATATTAATCATGCAAATGAAATTGATAATGAGTTCCGGGGAAGTATGACGCGGCTGAAACAGGCTG	0
GATTTTTGCCGTTTTTTTATCCCACAGTGGACACAATTTTGTCTCGATAATGGATACCGCCTTCGTCGCCGACAAGGTCATATGTATCCCAGTGAAATCATGAC	0
CCCCATGCTAGAAGTATCCAGCCAGGTAACCATGCTTTGCAAAGCTTGAGGTGCATGCTGATAAACTTCAGGAATTACACGTTTCCCATTTCGAAGTTTACCGTCATAGAAAA	0
AAAATGAATATTGAACCTCTGTGCAGGTAACAGAAAGTCAATTTCATGATAAGTAACTCTGTTATCC	0
GCCACGGTACCCCCTGTCGGCAGGTAACGGATTTCCGGC	0
AACACATTCGCATTAATGGTTCCGGCAA	0
TGGTGACAGATAACTTCCTTGAACAGCTTCACGATTGGCGACCTGTTGTGCTGGCTGTCGATGAAGCACATTGTATTTCCCAATGGGGGCATGATTTCCGCCCGGAATACCGGGCATTAGGGCAACTTCGCCGCCGAT	0
GGGATCAGACACCGGCGGGGTGAACCACAGGCTTTCGGCAAAGTCATTACTGACGGGGAGATCCGATTGTGCAGGGGCTTCATAACTGACGGTACGGT	0
AACTCTGGTGATCTTACCGGGCCGCAGCGAAAGTTATGTGAAATACCCTGAAGTCGCCTACGATTTTTACCATCTGGGCTATGAC	0
AATAGGTAACTGAGCAACAACCCGCTTTAAAATAATGTCAGAATAACCGGATTGTTCCGCCGGCTGAATATCAATGGTTATCTGTTGGGAAGGCAGGCGGTTTAACTGCTCCATGCCCTGTTCAATATCC	0
GGCGGTTCTGTGTTTACGCTATTTTGCCTGATCTGCCAGCGTTGTCTGATCTTGCCAAATTGATCCATGATGTTGCTCCTTTCTTTTGTCAAAGAATAGACTCCGTTTG	0
TGTGGGGCAGATCCGTGATGGATTAGGCATTGATGCGTATATGATCACGTCTAATGGGGCAAGAGTTCATAATACTCAGAATGAACTGGTATTCAGTCACAATTTAGATCCTGAGATAGCGCATGATTTGTGCTTACTAGAGTTTGATAATCCTGAGGTTC	0
AAACTACAGAATGGAATAATGAGTAACGCCTGTAACATTTTAAATGTGCTCAGCGTCACTCATTATTTATCATTTTATT	0
GATATGTGCTGCTTCCAATCCAACGGGAGTATCATCATGCCGCAGATTGTAACCACAGATTGCACATTCATAGTTATAAGCCCGCAATATTTGTTGGCGAAAATGCGGATCACGCATTTTGC	0
CCAACAACCCGGCTCAGGTTGATAACGGCTATATTGAAAATGAAAATTAACCCGTGTCCCCATCATCTTTCAAGTGGCGGCGGTGAACATTTTT	0
CGAGGTCTCCGTAGGTACGGAGATAAACCGTGGCCTGTGAAAGTGGATGCAGGAAAAACTAAGAGG	0
TTTCAATATCATGCAGGTTGTCGCAACAGTTTCAGTCATAATCTTTAA	0
ATTGAAATACCGAGACTCAGAATGGAATTGAATTCTTGTTTATTCACATACGGTAAATAAACAATTAA	0
AAATACGTGAAGTTGAGTTGCGTCTTTCTGGCTTAAAAGATGTCATGCAAATTGATACAGAACGTACCACTTTG	0
TTGGAACTCGCCTTGTTACAGCATTTGGAACTGACACCGGGCACG	0
AGGCACGATCTTCTTCATCCATCCACGGCAACGGGTTATGTCCCCATTCTCCAGCCAGCCCATTCCCGCCCGCATGTACTCTGCCATTGAATGTAATCCCAGAACCACACCCCGTACCAATGATGACCGCA	0
ATAATTTTTGACTTATGAGCACAAATAACACGATAAATTTAA	0
GGCGCATAACATCCTGAATTTCCTGGCTCAAGGTATAAGCCGGCAAAGAGCAGGCGGAGTCACCGGAGTGAACACCGGCTTGTTCGATATGCTCCATGATACCGCCAATCAGA	0
ATTCTGAGCTTCTTTTGAGTATGAGCAAATGACACTATGAAACTGAAAAAATTCTTAATGACAACTGCCATAGCATTAACTGGTTTGATGTCAGTTCATCAGGCAATGGCCGCAATAACGTTGGATCGTACTCGAGTCATTTTTAATGGTGATGTGAAATCTGTCAGCCTTAACA	0
AATGTCTCTTCATGGCAGGCAATCTGGAAAACAGAATCCGCGGAAGTATAGAAAATCGGTTTGCCGGTTTTAATA	0
ATGGATGCAGCAACCAGTGCCATGATCGCCACAAATGACTCCATTAACATCGCACCATAACCGATGAAACGGGCATCTTTTTCATTTGCCAGCAATTTAGGCGTTGTTCCCGAAGAA	0
GATTATTGTTGCTTCTGTCGCGGTTTATTTAGTTGCTTATCGGTACTACAGCCTTTATATCGCAACGCGGGTCATGAAGCTGGATGCTACG	0
TCATTATCAACAGCAAGATTATTATCAGGTGCTGAGAGAATGTGATCACACTAGCGACTGCACACCCTTTATCAACTTCATGCTGAAAAAATTAGCCGAAGCACTTAGAGAAGGTCTTGA	0
TAGTCTGTCGATTTATTTTGAGCGTGATTTTTAAAATTGACTGTCATTTTGTCTGAAATTAAGCAAAATACCTCGCTTTAAATCTTTTGTGATTCTAAATTTCTTTATAAATCATCATTATTATTAGTGCTTATATTTGCCTTTGTGGGGGAATAAGGTATGAATTTAGGAAACCCAATGAAAA	0
TGGGAGCATCAATACGCTATGGACATTTCAATTCTGTATTGCA	0
TTCGCAGTTTTTTGATTGATGCGGGAGCAGAATATAATGGTTATGCTGCGGATATCACCAGAACCTATGCGGCGAAACCTAATAACGATTTTGCCTCATTGATTAAAGATCTGAATGACGAGCAGCAGGCGATTATCAGCACAATTAAAGCAGGTGTTCGATATACTGACTGCCATATTAATATGCATCATCGCATCGCCAATTTACTGAAAAAGCACGGCATTATTCATGGGATCAGTGAAGAGAGCATCGTTGAAAAAGGGCTGACA	0
ACGATCGCGGGAAAGCTGCAAGCGGGTAGGAGAGGTATTTTGACGGAGCGAATAAATAACCGACTTATGATAATTCAGGTCT	0
AAGTCATTCGGGGTAAACGAACGACTATTACTGAGCCACTGTTTCCCAATTATCTTTTTGTCCATTTTGATCCTGAAGTCATTCATACCACGACAGTTAACTCAACACGTGGCGTCAATAACTTC	0
ATTCACTGTTCACGGGCAGGATGGTGTTATTGATCAGGATGGCTACGTTATCAATGA	0
GAAAGACGCTCAAAAACTTTGCCTTTCACTTTGCCCAGCCATAAATAGGTCACAGGTCCCAACAGAACAGGTTTTATTTTATGTCCCAATGCCAGAGCTTCATCAA	0
TAGGCCTCGACTTTATTATTTGGAAAACTAACAAGTTGCAGATAATTGTTGCCATAGTCGTGGCGATTTCTCACATCACTATTTTTCACATCAATATTTTCTACACAAGCGATAGTGAAATAACCGGCATTGCCACAACCACCATATAA	0
ATCAATTTGAATGTCGGTTGTCCTTCTGATCGGGTGCAAAATGGTCGTTTTGGCGCTTGTC	0
CTCTTCATTCTGTCAGCGTTGGGAAGAGCATAGATTA	0
TTCTTTTTATTTTTTTCAGCAGTATGGTTGTGCTGGCATGTATCGTGTTCTGTACAAGAATTGATTTCATGACAGGAAAAACATAACCCGTGCACT	0
CGGAGACGGGCACCATCTGAATATTCAAATCGGGGTTGTTGCGATGCAAGTCCAGATAGAAATGAAAAATCTTTACAGATTCGTGTTTTGGTGCATAGCAACGGAACACACGT	0
ATCAAATGAGCAAGATCTATTGCCACATTAGCCCCCTTATTGACACGTAAAAGGGAATTCCGTCTGGAATCCCCCCCGATCATATCTATGGGTATAGTCAATTTAGAATTGCTGTTCTTCC	0
TGTAGGTGTGTTGTATCGAATGGTCATGTTACCCTCACGGTTTAGTTGTTTTTGTGAGGGTATTTTCTATAGTTTTTAGTTGATTGGCATTATAAGAAAAAAAATTTTTTATTCTA	0
ACATACCAGAAATATCACCCCGTTCAACCAGCGTTAATACATCGCGCCCCAATTGGGTATCAGGC	0
ATCAATAAGTTAAGAAAAGACTATGATCTGGGATGATAAATAA	0
TTCGCCCTTGTTGACGTCATGACAAAGATATTTTCATTGCGAAGCAGGTTTACCGCAGGTAATTCATCTGGTACA	0
GGGTGGTGCTGTTGGTGCAGGGGGTCTGGGTCAGATTGGCTATCAATATGGTTATATCGGATACGATGCTGTTGTGATGAATACCGTGTTAGCTTTACTTGTTATTTTAGTATTCCTGATTCAGCT	0
AACCCGTAGTTATCCATTTAATAACCTAGTTATAGTCAATCGGCTGTGAATAACTCTGCATTTAGATCCCAGCTTATACTG	0
TGGTTTGATCCTGCTGTCTGGCGGACGCATGGGAGATGTCGGGAAATTCCTGCTGCGTGGAAATCGTGCGATGGTGGAGCAGTGTCTTGATTTTTACCAAGAACA	0
TCCATGCCACAATGCTTGCCATGCAGCGGGCTGTTGCGGGTTTGGTCATCGTGCCTGACTACGTTCTGATTGATGGTAACCGTTGCCCGGCATTAGCAATGCCTTCACAAGCCGTGGTGAAAGGGGATAGTTTGGTTGCCGAAATCAGTGCAGC	0
CTTTTGGACCGATGTTATTCGAACGGAAACCACGCACACTGTTGGAACCACCGGCATAGAAGTTTTCATAGAATGGCATTTCTTTGCCGCCAAAGCCGC	0
GGATGATGACCACTCATGGGTATTGGCAGGACGTTCACGTCTGGGCTATGGC	0
CGGATTCGTGGTTCGGGACATTCATTTCGAGGGTCTCCAACGTGTCACCGTTGGTGCAGCATTACTGAACATGCCAATTCGCGTAGGTGATCCCGTCAGCGATGAAGATATCAGTC	0
CAGTGACTCAATATTATGTTTAACTGAAAAACTTACGGTGTTCCGCACGGCTTTAATGCCTGCCCGGTGGCCAAAAACTCTTAATTTGCCACGT	0
AGATCAGTGAAGACGAAGAACGTCGTTCACAAGATGAAATTCAAAAACTGACTGACAGCTTTATTAAGAAAGTTGATGAAGCGTTGGCAAATAAAGAAACAGAGTTGATGGATTTCTAATCTCCATTTCTTAAATACAACGCCGCACCCTGCGGCGTTGTTCTTAT	0
GAAAATCATTTTCTCAGAAAGAAAATCGTACCAGCAGATTCAGTCTCTG	0
ACAGGCAGGAGAGCCAAAAGCTATCAGTATAATGATGAAGTAAGGATAACAGGCAGGGACGTATTTTTGTCAGGGAATGAGCA	0
TGTTCTGCCAGAATTAGCCACGGTAATAAGTTGGCGTGGT	0
CATCAGCGGGAACGTTTCTGCATAGTATCCTGGAGGATATCGATTTTGGCCATCCTCCCAATCAGGCGTGGTTATCGGAAAAGCTGATTACATCAGGGTTTGATGAAAATTGGGCGCCAATATTGGAGCAATGGGTAGACGATATTCTGC	0
CGCAATCTTTGCTGATGACACCCCATACTTTTCCTCGTG	0
GCTGATTGAGGCTTCAGCCGGTACAGGAAAGACTTACACGATAGGTTTGCTTTATCTCCGCCTGTTACTGGGATTGGGCGGCTCTGCCGCCTTTTCCCGGCCGCTGAATGTTGAAGAGATTCTGGTGGTGACTTTTACAACCGCGGCAACTGATGAATTGCGTGGGCGTATTCGTG	0
AACGATGAAGTTTGTCGTTTCTGCCCATGGAGGCCGCTGTCCGA	0
TGGTGTCGTGACTCGGCTGGGTAAATTCAGTCATGTCGTTCAACCCGGT	0
CAAGCGTTGTCATCTTCGCTCCATCATCCATGAACTGCTTTGGTTCCTGAATGGTGATACCAATATCAAGTACTTGCATGATA	0
TGCGGAGTAATGGTGGCCTCGTGGGGCGGTGCGTTCTTCCCCCCATAGGGCAGCAGGAATTGGATGCCCTCTTTATTGGAAAAGCTGGCATTCGGGAGCAAGAAACCGGAGCGGCGTTTATCACCGATCGGCAACTGCAAGTATGGGCTGTA	0
TCAACGCCATTAACAATCAGCGTATCCCCTAAAAAACCCTGATTAGCCGGAGGGTCATATTGTGGTACGCCAAAGTTATCTAATCGCTTATCCTGCAAAATGACAGGAAAATCATCGACGCCATAATG	0
GAGTGGCAATTTCGTTGGTTGACTTTTGTTGGCTTGAACCGCAAAAGGGAGTGCCCCTAAACACATTGCCAAACC	0
TGTAAAGCAGGTCAGAAACGTCAACTACCATGCCAGTCAGGATATCTGCAACAGCCAGAATGTCATCCAGCGTTTGCTGATAATCAACGGCAGGTTCTTTGTAGTAGTTAACTAATTG	0
TCTGCTAGAATCAGTGGTATTGGTTTTTATGCAGAGGCAACTTAAGCAAAATAGCTGCACAACAAGGAACGCAAATGAAGAAATTG	0
TGCAAACGGATCATGCCGGCCAGTGCGATCATCGCTCCATTGTCAGTGCAAAATTCAGGACGGGCATAAAAAACTTCGCCTCCCAGCTTTTCCATAAGCGCCTGCATCTTAGTACGCAATGTACCATTTGCACTCACTC	0
CGGGAATTGGTGAGTATCAATTGTTGGGTGAATCCATTGACGATGCCGCAGGTGAGGCTTTCGATAAGACGGCGAAACTGCTCGGATTGGATTATCCCGGTGGTCCGGTACTTTCCCGCATGGCACAGCAGGGTAAAACGGGCCGTTTTGTTTTCCCTCGCCCAATGA	0
TGTTTACTGGATTACGTAAGTCAGAGATTTTTAACCTTACTTGGGA	0
GGTAGTAACGCACAGGCCGATTTATGGGCGAGGTCATTAAGGGCTATTTATCGTTTTGCGCATGACCATTACCGAGATGAAGAAGAAAGGGTTTTACTTCCTGATCCACCTACCGCAGTGTTGAGCACAAAGCGTAAATGGCATGGCACGGTAAGAAAAACGGAGCGTATTCGAACACATGAACTTGTACGCTGGTTAGGTGCGGTAGCTGCTGTTCGGGAGAAAGCCGAAAATGAAAGGGATGATG	0
TTTACCGAATATCGCCGCCGATGCGATCCACAATACCGCCACGCAACTGACACTATCGCACTGGCCAGCGAACCGGACTCCTGAACGCTACAAAGCGAACCTGTCAA	0
ATTAGATCTCTCCATTATTAATAGAATACTGGATAAAAATGCGTATTTACTGGCAACCCTCCTGGGTAAAAATGAATCATTCAGAGTTTATATTGATTCATTGGATAATCTAAATAAAGAAGGTGAGCTGTCTATATA	0
TGTAATAACATCGCACTAAAACATATCAATAATAGAGAAAATAACCGCATGATTGGGCTCCTTATTCATCCTGATGAGGAAATAACGTGTTGTCGATGAGGTCGCACAGGCAATTGATCGTCAACATATGAACTTCCTGAACTCTGACACTGTGATGTGAAGGGATTCGA	0
TCGTCCATGCCGGCATCAAGATATTCTTTTTTATCCTTCAAT	0
TTCCCCGCAGTCCAATGGGCTAAAAGGAATATTGGATAAGCTGTTTGGCCGAACATCTGTACAGTACCGGCCTGTTCAGGGGCTTTACATG	0
TTGAGGCTAATTCTGTTGGTAAGGAAGTGATTTGATGTATAT	0
GAAGGTTTCCGCCTTTAATGCTGATTTTTCTGGCAGGCGTCATTTAAGGGATCATTCAAGCTAGATTAAGGAGTACGTGGTAACGTTATGAAGCAAAGTTTACAACTTAGGCTCAGCCAACAACTGACAATGACGCCCCAGCTCCAGCAAGCAATACGTTTGTTGCAACTTTCCACGCTTGAACTTCAGCAGGAAAT	0
AGGATCGGCCACTTTTTTCACGTCTAATCTGAAATTGATCGCGCTGATAATGCCATCCCCGAATTTTTCATGAACCAGTGCTTTTAATGTTG	0
AATACTCCGCACAACAATGTCATTATCAGAGCCGGGATAACCTTATGATTACAGAGCACTTACGACTG	0
CGATGATTCTTGTCACCAGCAGTTGATCGATTTTGTAATTATCGAT	0
AATGACTAATGGAATTCTGGTCGGTGGTGATAATTCTAAAATGACTATTTTAGAGAAAATGGCACGATTAGCTTTGGAA	0
AAAATGCGGTCGGCTTTGAAATATTTGATCGTAGCGCGAGTCCATTACAACTTTCGTTACAAGGTCGAGGTTTTATTGTCTACGCCAGAAATCTGCTGGGAGATATAGAATATCAAATCGGAAAAATAAAAGGCGGTAAAACTTCTAAGCATCGTATTAATATCGCCGCAGCACATTCACTTTCTATATCTCTGTTACCTG	0
TTTTTTTCCAGCAGTTGATTAACCTGACGTCCCATATAGCTTTCATCAGTGTATTTCATCAACGGCAAAGGTGTCTCTTCCAGACGATATAGCGGTTTTCCGTCAGAGCTACAACCAG	0
TTAAAAGGGATAAGTTACTTTTATCCTTTTGGAGGGATACTTATGAAGATCACATCACCACAAACACTGGCTGTAGC	0
TTAATGTTACATGAAGGCAAGACCGTTTCTGCCCTCTCCAGAACCCTTCATTGTTCACGTTCTTCGGTTAA	0
AGCAGAAACGATAATAACACTTACTCTGATAGTTCCATATACGTTATTTATTATGTCCGTGGGGTTAAGATACAAGGCCTTTTTATTGATGAAGTCACTGATTCCAATATAACCTGAATAATATATTTTCTT	0
TCAACTTTTAAACGTAAATTAGCACTATAAGCCGATGGAGTTGCAATAGAGACAAAAAGCGCACATATGAGAGGATATCGTGACACCCGGACTCCTAATATTTATCTATCTGTAGGATAACAATATAAAA	0
TCCGTGAGGCGATCATAAATGCCGAAAAGGAAATGATGTATAGAGT	0
TCGAAAGAAATAACGTCAGGGCGGCTTATATTCACACGTCTAAACATTTGGATGAACGGCGGCTAATGGTGCAGTGGTGGGCTGATTACTTGGATGCAAATAGGGAAAAACATATAACACCCTATGATTTTGCGAAAACCTCTTAATTTAACAAAAAATGGATAGCAAAATCAGCAAACAATTTTATTTTTTGGGAAAAGAATTAAACCTA	0
AAAAATAAAATTGTTTGCTGATTTTGCTATCCATTTTTTGTTAAATTAAGAGGTTTTCGCAAAATCATAGGGTGTTAT	0
GCCTGCGGCGCCGGTGTGTACTGCTGAATGGATATTTAC	0
AATCACGGCGCTCGTCATAGTGGATAAAGAGACATCCCGCAATGTGCGCGGGTGTCCGCAAGGTTCAATTCTGTCACCGGTATTGGCCAATATCTACCTGCATCATGTAATAGATGAATG	0
TGGGCGATATCATCAGGGAATGGGGTCTCCATTCCCTCACTTTACAGCAAGTTATATCCGTAGACCAGATCGTTCCATCCGCTGCGGATGTTTCCAGTTTATGCCTTCAAGCAGCATGGACAGTTGGGCGGGAGTCAGATGAACTTTACCCTCACGGGTCACCGGCCAGACGAAGCGTCCACGCTCAAGCCGTTTGGTAAACAGGCACAACCCATCGGCATCAGCCCACAGTACCTTAAGCATATCCCCCCGGCGACCACGGAAGATGAAGACCTGCCCGGAGAACGGATTATCTTTCAGTGCGTTTTGCACCTTTGAGGCCAGACCGTTGAACCCGTTG	0
GCAACACGGATTTCGTTTTTTATTGCCGGATTCAGTATTGCGAGTTGGGCACCTTTAATCCCCTTGGTGAAGGAACGTCTGGGGTTGAGCGATG	0
TCAGGTGGTTGATTTAGAAGGTCGCCGTAATTTATCGGGGA	0
ATGAGCAAATCACCGGATGTGATATCTTCTAATCCCGCAATCATTCTAAGTAGTGT	0
ATAAGTTTTCAAATCTGACAAAAGACGACTTGTTATCTCAACAGTTCGAGTTTTATTGTATTTTGTAGGTACACCATTACTTGGCCCTATTGTT	0
GTAGGGCTGCCGCTGGTCGTACATCGCTGTTGTGACAAGC	0
GCGTTTGCCGTGAAACGCCTTCCTGATACATCCGTATCACGAGTTGTCGGTTATATTGCTGTATCTCAGGTGAGAGTTGTC	0
TTGATAGATTGATGTTCATGTTCTGAACCGATATACACCTGCGCTGCCACAGCACAAACATTGAGTC	0
TGCCATTTATGCCAGACTTGATGACATTGCGACATTGAGTTTCCGTGGTGCTAAAACGCTGGGCGGAAAAATGGAGCAGCATAAAGAAGTGGCTTATCTTTCCTATCAGCTTGCGACGATTAAAACTGACGTTGAGTTGGATAAACACTGTATCGAGCTTTCCGTTGTACCACCCGATGC	0
TTCTTGCCCCTCTTCAAACAATCCAAGTTCACCAATGAAATCTCCCTGATTTAAGTAAGAGAGGATCATTTCTTT	0
CACGCTTATTCATCAAGGCGAGAAAGCAGAAACGCTTTACTATATCGTTAAAGGTTCAGTTGCTGTTCTAATAAAAGA	0
AAATCATGCCATCTGACCTCGATATGATTCTGACTTCTGCAATGACCCTGATTATCATGGGCGCCGTTGCTTTTGTCATCATTATGCCCATCGGAAGTTATTTATTTACCGCAATGTCATGGCTGTTCATCAATT	0
CTTACTTCTCAATGCTTCCAGTGTCGCTAAAATAGCGGT	0
CGCATGGAGCTTATCGCTCCGGCCCATGTCGATAATCCTTTTCATTTCAGTTTCCGCCGGCCGGATAACCTGCCCAATCCACTCTTGAACATGGAAAAAATCAGTGCTGGCTATGGTGACAAAACCGTACTGGATTCGATCAAATTAAACCTAGTCCCGGGTTCGCGCATAGGAT	0
AAATGCGATCCGGCATGGTGTAGAGACTAAGGTTTCCGCCCGTGTGAGTGATGTATTCTCCGCGCTCGAAATGACTGAAGACTTCGACTTAATTTTCTGGAACGTTCCA	0
GCATTGACTAAACGTATCCAAAATGCGGGTACTGAAGTGGTTGAAGCAAAAGCGGGTGGCGGATCTGC	0
CTTATTCCGATAGTATTCAACCGTGTTTTCACTGACAGTCAGCACATTGAAAACGTCTTCAGGAAAACTGTTGACATTATATTCGAGAGCTTTTCCCTGCACTCCACGCTTACGGCGTTGTTCCCAGCCCTCGCGTCTTGCCATTAGATTCACGCCTTGGGGAGACGATGGCAGCCCTGCAAGGCCGATGAGTTCCTTTGCAGAATACCATTCTTTTTTCATCTCTTTCTCCTCACTTCGTACCGGGGTAGTGAAGAAAAAGCCAAATTTTAAACATTTGGCTTTTTCAAAATCAGCCTCAGGTAGCAGTAATTTTTTCCAAAAAACTTCTTATGCCATCTCTTAATATCACTTCAGTAATTACCTCCTTTTCTTCTTCAGTGAGTAAATTAAATGCACTTACCCAAATGGATAAAGGATCTTGTTTCTGAACCTGATA	0
CCGATTGACTGTGCCGCGATCACACCAACTGCTTCACCTTTGTTGATGCGATGACCACGAGCAAGGTCGCGGCCGTAGCAGTTCGCACAGACG	0
CTTCGACCGCAGTGGCAATCATGTCAGGCGTCATGGCGAGATACCGG	0
AGCGCCAGAGCGGCGAAGGCAATCCGGCAGACGGTACGGGGTTGGG	0
TTGAGTCCTTCTAATCCATATAACCTAAACCCTTTAACCCAGCGATTGACAGAAGAGCGGGCGGCATGAAGGATTTTA	0
ATTAGAAGGACTCAACAGTTTACCCGCGGGTAGGCCAGCAGTCTGGGA	0
ATTTAGTGAATTGCGATAATGCAGTTGCACTATTATGGTGCGTTCGGGGGAGCATTTGGCTTCTTAAAATAAAGGCAGGAATATCAATTCAATATGTCATTCGATCTATTGAGATG	0
AGGTGCTACTGAATATCACCCGCAATGCGCTACAGGCCTTGGATAAAAGAGGGGGAACCATGACTCTGAGAACACGAACCGAGTTCCAGATTACCTTACAAG	0
GATCAGCACCAATACACCGAAAACAGCCAGTCCCCGTAATGTCCCTGTCAGGGATTTCTGAGGGTATACCGTTATTGAACCGACCA	0
TTCAATAACGGTATACCCTCAGAAATCCCTGACAGGGACATTACGGGGACTGGCTGTTTTCGGTGTATTGGTGC	0
TCCGCCGCTTCCATACACAATGGTGCGCTCCCTGGGTGTTCATTTACTCTTTTTTCAAATCCA	0
TTGATTTTACCCATTCCCATCGCGTCTTTTATTGCCGGGCCTTTGGCTGGCATTGCAATACCGAAATTAGGTTCCAACAAAATTATGTGGCTCGCACTTGCGCTTACCGGGCTTGGCACCTTTGGCTATCTCATTGGGCTGCAATCCGGTCTGTTTATGCAAATTGCGGCATTCAGCATTATCGGGTTTGGTGCTGGTGCAGCAATGACCGCCGCTTCCACCGCTATCATGCTCAATGCGCCGGAAGACAATGCGGGCACGGCCGCTTCTATCGAAGAAACTGCATACGAACTGGGAAGCTTAATCGGGATAGCGGTTCTCGGCAGTCT	0
CTCAATGTATTCAGTGCATTGAGGGTTTTTAAAGCGGAGATATTGCCTCTGT	0
CTGTTTCAAGTTCAATGACCGCTTCAAGCAGCTCATTCAAATCACAACATGTCAGTGGCATATTCTGCCCCGCCCGCTGGTAATCAATAAATTGATCAATAATGGCGTTGCACTCTTCAATGTCCCGGTG	0
TGGCTGGGAAAGCGCTTTAAAGCCTTCACTGGCTTTCAGTGACTTATAGGCTTGATATAACGCTTTGTGCTGCCCCATCCAAGTATTAAATTCAGAAAGCAGGGGCAGGCTTTGCTCAT	0
GATGAGTTAGAAGCCTGGGATCTGGCCTATTACAGCGAGAAGCAAAAACAGCACGATTTCTCCATCAATGATGAAGAGCTGCGCCCTTACTTCC	0
CTTGGCGCATGTAATACGGGAGGGGGTGGCGCTCTGGCGATGG	0
GCTACCTGTTAGTAAATTTATATGGTTTAATGCTTTCGATCGAAAAAGATTAGCTTTTGATTACACAACAAATATTCAAAAAAATGAAGATTAATAGCTTCACAAAACGTTTT	0
AAGGTGAGCTGGATCTCGACGGACTAAAGGGTATAAATAAAAATGCCAA	0
ATCAAAAGTACGATGTATCAATACTCAGGATGAAGAAAAAGTATAA	0
TTTGAAATACAATCTGGATTTTCTGGCGACGCAGTTTTTCCGCTTCTTTATTGGGTACTAATAGATCTTGCCCCAAATAGTACAGTTCTCCATCGGTCGGCTTTTCAATCATCGTCAGCAGACGACCCAACGTGGATTTTCCACAGCCGGATTCCCCCACAACTGCCAGCGTTTTACCTTTTTCCAGTTCAAATGAAACCCCATCCAATGCCTTAACCATA	0
TGGCAAAGTAATAAGGAATTCAAACCCACGCGTGATTTCAATGCTGATGACATTATCTTTACCTTTATGCGTCAAAAGGA	0
AATTCATTATTGATGTTGTTCTACGGTCCAGTGACCTCAGTATGCTGAATTTCATTGTCATTGGAATCGTTCTTCTGCTCTCCCTG	0
ATGGATTATGAAACCTCTGCTTGCTGTTGATTTACCGTTTTCTGCCTTTCTGGATACACTTCTGCTCCCTTATGATTATGCCCGTTCAAGTCAAAATCAAGCTGAACAATCCCCCAAGCGTCGCATTGAACAACTGGAAAAAACCAATAACACACTGC	0
ACTCAGCCCGTTTACTACCAATACCGGGTA	0
TTCTTCCTGTCCGGCCGATGGTGAAATTGACATCTTTTACCGTTGTCACCTGTTGGCGTAACGGAT	0
GCCAGATGGCATGGATTTGGTGGATGCCAATTGCATCCGCCG	0
GGTATATAGTGTGTTTCAACTTCAGGATTAAGATAAAGGCTG	0
ACAAACGGTTTCAGGCTCTGCTGGTAGAAGGTATCCAGCGTGCCGTCTGGCCGGAAGAAGCGTTCAAACTCGCTCAGCGGCACTTCTTCGGTCGCGTTGGGGTTGAACGGATAACGTCCC	0
TCCTGTTCCATCGCCTTCCGCCATGAAG	0
TTTACAGTCGATGGTACGCCCTTCTCCATCCGCCAGTTCCCCTTTATCGAAAGCCTGATAGAACAGGTTCAAGACATCCGGGTGCGCTTTTTCGACTTCGTCCAGCAAGACGACGGAATAGGGTTTCTGACGAATAGCTTCAGTCAGCACACCGCCTT	0
AACCAAGAAAGTAGGGCAGGTTATCTGGGACCCTTCCACTCCGGTAGGTCACCCGAATGATCAAGCCTCTGTTGCCAATATTACATTGCTGGCCGAACCC	0
GTTTCTGCGATGAGCGTTTAGACTGCCGGTTGTGAATACTGGGAAAATCGTAGGTACGCAGTACCTGTTTCAGCGCATCCTTATCCAGTAATGACATATAGTTCAGCGACATATTTGACAGCAATGACC	0
AAGTCATGGCACGATGGCTCAACCCCATGTTACGAGGCTGGGTTAAGTACTATGGGCGCTTTTATCGGTCAGCAATGGACTGTGTAGCCAGTCATGTAGATCTGCACCTTGCTAAATAGGTTACCCGCAAATATAAGCGGGTACACGGTAGTCTGGTTCAGGCGTATGAATGGTTAGGCAGGATACGGAGCGTTAAGCCCGGTCTGTTTGCACACTGGG	0
ACGAACAGGCTCTCGATCATCTACATTACCCGGTGTCACTTTAAGCGCCAGAATTTCCCCCAAATGGTTCACAATCAAGTGTAATTTGAAACCATAAAACCCGCCCATTGATGTTTTTCCTCGTGCGGCGACCCCTTCAAATACTTTATGACGGGGAATACGAATGTTATGACACACGCGCA	0
GAGTGCGGAAAAAGGGACTCCTGTGGCTGCGTTACTGTCAGCAAGGCGGTGTGAGTTCAATTGATGGATGCAACACACTGGTTAAATCTCTCTGCGGGTGATTCATCGTCTAACGTTTTTCTCGGCCTCTCATTAAGTTGTCGGGCAACACTGTCTAA	0
GGTATGTTGCCAATTTGCCTTGGTGAGGCGACCAAATTTTCCCAATTCTTGCTGGATTCTGACAAACGTTATCGTGTGATTGCTCGTTTGGGGCAGCGCACAGACACTTCTGATTCACATGGACAGATCATTAGTGAACGTGAAGTGCAGATCACCCAATCCCAGCTTGATACTGC	0
GTTGACGAAATTAACCATGGCACCGTCTTATTTTTCCAGCAAGATGAATATCGTGATTGCTTATGATCTTTATCAGGAACGTCTGGAAGGGGATGAACCAGAACCATTGGTGCAGAAACGCTGGCCTGTCTCCGACATGATGTCACTGCTGGAACAGCCTGATTTCAACGAAGCCCGCAATGTCAGCGCCCTATTTTTTGCCCAGCGATATCTGCAAGCACAAAATAATGGGAAATCCTGATCAGATGATTGTCTAAAAATGGGTATGACAAAATACGCTCTCAATACCCATTTTTCTATTGCAAACAAAAAACCGGAAATAAAAAAATAATTGATACTTTAATAAAATAGTGTTAATCAATTTCTACCTAAAATCAGCTTTCATTGCATACAAATGAA	0
CTAGACCAAAATACCGATATAGATATGTATGTCGATTGCCATGTTGTTAGGCAGGGCCGTCATCTTTCCTTGCATGAAGAAGAGAAACACTATCCTTATC	0
CTTTTATTGATTCTACCAAAATTGCTGTTTGTCACAATCTTCGTATTCCCCGTCATCGCGTATTTGAAGGGATGGCACAACGAGGTAAAACGAGTACAGGCTGGTTTTATGGCTTTAAACTTCATTTGGTTATCAATGATTGCGGT	0
ATTAGGCCCCTTTCCACTGAAACTCATCGATTAGCGACGCAGACCCAGACGCTCAATCAGCGTGGTGTAGCGAGCCAAATCTTTACGCTTCAAGTAGTTCAGCAGCTTACGACGCTGTGCAACCTTTCTCAGCAAACCACGACGGCTGTGGTGATCTTTTTTATGCTCAGAAAAGTGACCTTGCAGTTGGTTGATATCAGCAGTCAGCAGG	0
ACAGGTATTGGCATGTGCACAGCGCTTTGCCGATTATTTATCCGGTCTTGACAAGCATCCG	0
GCGTACTCACGATGCCGTTGTTCATTTGCAGCAGTACTATGATCAGCACGGCCCGGCACTGGCTCAGGCGATTAAACTGACTCCGGCGGTTCCTTCTGTGGAAGA	0
AACGGCTGTTTTTCAATTCGTCGCTGGTTGGGTTCAATACGTACTG	0
ATTATGATGTTCAATAAATGATGATTTTTACTATGACTGATAAGTCGATGACTTAAAATATGACATGAATGTTATATTAATTTGTAATATTTGCATATTTTAATTTGGTTTACATATTGTAAACTA	0
AGGAATGGATTTTATGCCACCAGCAGCAAAGAGTACGCACACTGACCCTCAACCGTCCTGAAGTGCGTAACGCCCTCAGTAATGA	0
CCCCTTACACAAAGGTGGTGATGATCCTGTCCCACCTAAAAACGAC	0
ACGTCATAACACTCATTGAATCTATTATTCTCCGGTTAAATATTATTTAATTTAAATAAGATAATTATCAATATAGATATAGATATAGATATAGATATAGATATATTTTC	0
ATCCATTGTCACAATTGGCGCCAAAGGGTATCGCAGAAAAAAGTCCTTAGATATCAGCTGCTGTTCGGAGCACATAATCAATAGGCCATCGACGCGCTTTTGCAACAGGGTTTCCATACAGCGGAG	0
GTGCGAGGGCTATCTGGCGCCGCCGCTGCAAGGTTACCGCCTAACGCAATCAGTACTTTGACTTCATCACGCAACATGGCGCCCAAGGCCTCCACGACATGATGACCGTGAGCACGGGGAGGTTCGAATCCAAAA	0
TTGGAGTTTAAATTGTCACTAATTGTTATATTTTTTGGTGTGACAAAAATATAAGATAAGGAATGAAAATAG	0
TGTCTACACAGTTCACCGCCATGAATACAATTACGCTTGCTGATTT	0
AACAGGGTTTGTAAAGTGAACGCGCACAATAAAGAACTGTTTCAAGACTACCTCAGAAAAAGGCATAGTGTGAGCAAACTAGTTGTACATC	0
ATCCAAGACCCTTATTTGACGCTGCCCAGAAATTTTTGTGCGAATCCCGCAGAAGCGTACACCATGCCCGCTCGTTTCTATACTTCTCAGGACGTCTTTGATTATGAAAAAGAGGCGATTTTTGCCAAGA	0
TGCGCTTTTGTAATCGCGCTGACTAATGCCACGCCACCGACACCTGTTGCAACCACATCCGGTACACGTTCCAGTGAGATGCCGCCAATGGCGACAGTCGGGTATTCCGGTGTGATTTCCAC	0
GGCATATCCCGATGCAATTAATCCGCCGCAATATGACAGAAGAGCTGGAGCATTGCCACGAAGCCCCATTCTATACATTAGGGCCGCTAACGACGGATATCGCCCCCGGTTATGACCATTTCACTTCTGGCATTGGTGCTGCCATGATTGGCTG	0
TAACATTAGCAGACAAGAGTTAACTTAATTCAAACATGCATGCAAAAAAATGTCAATT	0
GTTTAGAACGGGCGAATGTATTATCATTCGTCCGTTTCTACAAGGCTGTAAAAAATCGGAGGATAATATGTATTCTGAATCCCAGTCTTTAATAGAGGCAGTGCT	0
GGAACTAGGCAAAATGGTGCCGTAACTT	0
TTTGCACAGACCGTCGCAAAACCAGATTGCTCTCTGGAAGATGCCATTGAAAATATTGATATCGGTGGCCCAACAATGGTT	0
CAGGCTTGCGCCCATTGTGCAATATTCCCCACTGCTGCCTCCCGTAGGAGTCTGGGCCGTGTCTCAGTCCCAGTGTGGCTGGTCATCCTCTCAGACCA	0
CGGTTCATATCACCTTGCCGTCGCTTATCGCAGATTAGCACGCCCTTCATCGCCTCTGACTGCCTAG	0
GGATTGTCATCCCCAATATTTCAGCGACTATTGCCAGATCTTCACCGTTATAATGCACTGGAATTTCAATCTTTTTTCCTGCGGCATAACTACGTTCCTGCAAATCACGGTGACAGATTTCTTCAGCCAATTGCTGGGCTGATATTTTTATCG	0
AATAATCCTCGCCATATTGAAGCGCAGGTGATTGCGGATAAACAGGGTAATGTTGTCGTACTCGGAACGCGTGATTGCTCCTTGCAACGCCGGAATCAGAAACTGGTAGAAGAAGCGCC	0
TAGAATACCTTTGATGCCCTTCTAAGTGTCAAGTTGTTAT	0
ACCAACGATGGCGCTGGCTGCTACTGAACCGCCCAGATAACCAAACAAACCTGTAAAACCTGCCGCTGTTCCTGCTGCTTTTTTCGGTGCCAGTTCAAGAGCATGTAAACCAATCAGCATGACTGGGCCGTAAATCAGGAAGCCGATGACCAGCATACAGATCATATCGACAGTTGGGTTACCCGCAGGGTTCATCCAGAAAACCGTGGTAGCT	0
ATGTTCACTACAGTCAGAGCATGAATAACCATTTGTAGTAATATCCATTATTTCGGATGCT	0
TGGGCAAAAACTCTCTCCTGCTACTGATATGAAAATGAATAGTAATATCAGTCAAATGACAGCAGAACTAGATCCTTGGTTTAAAAATGTCCCCTCTCGCTTGGC	0
TCAGTTGGTATCCAGGCTTCATGCAGCACTTCCCTGAGTGCTAATTGTGTCTCGCTCACCCAATCCTCTGCTACAATCATATTCTGATGGAACAGAACAAACGCTTGGATCTTAGCCAAATCACCA	0
GAGAAAGTCGTTCAATTCGGTTCTATGCCATGTCAGTCCAGTATCTGCGAACGTCGTAAACAATATTATGAAATATTGGAAAGAACCCAGCGTAATAGCTTAGATATTACGGACTGGATGGTG	0
CATTGTGTATACACAATATCATCAGCTACCGTATTTTACTTTTACTATACGGCACCTGCGATACGCG	0
TGGATCATCCACGGTATGGATTGCCCGAGTTGTGCAGGAAAAATCGAGAATGCAGTCAAAAAACTCCCGGAAGTGAAACAAGTCAA	0
TTAATTATGGCGGTATTAATGAATATGCCCACTGAGATAAATTCTAATGGTGATAAAATCCAGTCTAACATTTTCATCACACCACAACACATAT	0
TGGCGATGGGCTTATCTCTATGACTTAAATAAAAAACATGACTCAAATAAAAAACAGCAAATTATATTGATACTTTTGGTTGCATTGGCTGTTATTTGGTCGTTTATTGCTTCGCGCGGCAGTATTGATATCGCTAC	0
ATTAATATTCTTGATTTTTTTATTCTAAGATTCAGAAACATCTCATGTATTATATAGTCATTGTAAATAATAACTGACATAAAATGGGTATATCTTT	0
AAAATGTTCTCATTAAAACCATTTATTTATATTATATGTAAATGGTAGATATTTTCACTGCATTTATTCAATTCTAGTGGACGAAATATGTTAAC	0
CGCCGTGGTCTTTCCATCCAACGTTATAAAGGTCTGGGGGAAATGAACCCAGAGCA	0
CCATTTCCGCCGTCATTGAAAATAGTGCGGCAACGACAGCGGTTCGGCTTTGCCACCAAATGCTGTTTAACACCGCACAAATCGTCGAAGTCTTCGTTGTCGGTGTG	0
TTCAGGTATTTATTTTGCCGGATTTCAATCCCCTGCTGAGGCTCACCTTCCGCATTGAGGAGGGTGAGCGCGGCGGTATTGGCCCCACTTTTAGCGATAGTCACGACGGC	0
TATCGGCAAAAAGTTTGATAAAGCTCGCCAGCCCTGCACGAAATACCGTTGAGGTTGGGAACATAT	0
ATCAATTAATTGCTGAGATTCTTCCAGCAATTCAGGCTGGCTGTATTTTTCTGTTGCGAGCGGACTTTCATAATCGAGGGTTTTTGCAGGTGAAATGGTAATA	0
AGTCTTCACCACCCAAGTGAGTATCACCGTTGGTTGCCAGAAC	0
TCGCCTGCTTCACCTTCACCACCCAAGCGAATACGATCACCGGTATCAACGCCTGCCGGAATTTTAACAGACAGGGTTTTGTATTTTTCAACACGACCGTGTCCATGACATTTACCGCAA	0
CCGCATCACTCAATTTAGGTGGGAGCCCTCGGCTTCTGAATCGCACACCTTGTTGTAACTGCGTTAAATTGTCATCTACCCAACAAAACACCCAAATGATAAAATCTTGCTGTGACATAGCCTTTTGTTCCTTTATTTCTCTATTTTTG	0
CAAAAAGCCGCCATTTGATGATGTCAGAGTCAGGAAGGCATTAAGTCTGGCTATAGACAGAAAAGTGATCGCTGAAAAAGTATTG	0
ATTGAGCACTAAATAGTTAG	0
TGAGTTCCGCATCTAACGTATTTAAATACTCGGTTGTGCGGTTGATCTCCGTGGT	0
GGAAAAGGCGCTACATTTAGCTTTCTATTGGCCCCTCGACTGATTGTTTCTTTCAAAGAAAGTTTATTTAAAAAATAAT	0
TCAAAGAAAGTTTATTTAAAAAATAATAAGTTAAATGGAATTAAATGGTAACAATACGGACAAAAAAATGATTTATTAATTAAT	0
TTTTTGCTAACGGCTGTTGGCCTGCCAGTCATTACCGTCATTGCTTTGGCAAAAGTCGGGGGAGGCATTGAATCACTCAGTGCTCCTATTGGTAAAA	0
CGGTTGCGCGGCTGGTTTGGAATTATTGGCAATAGATCCAATACTGGAGAGCTATTACAGTTTGTCAGCGTTTT	0
TCCAGAAGCTGGCGTTGCTCTGCGCGGTTCTTTCCTGATCGACAAAAATGGTGTTGTT	0
AGGTTCAATGCCACAACATACTGTTCGCCCAACGCAGAGACCAGTGCTTCACGGGCACGGAGCTGAACATCAGAACTATTGAAACGAGCAAGGATTGCCCCATTTTCCAACGCAATGGACTTGCTCTTGATTTGATCTTTGTCTAAAACATTAC	0
TCGCAGCATAAAGGTGTTCCAGAGAATTATCAAAAACGCAGGGTAACCGGCAAATTTCAACAGACGCACCGGCAATCTGACATCCTTGCAATGGTTTAATGGCTTCCCA	0
CACAAATGGGGCGGAGCAAAAGCGATAAGGAGGCAAAAAAGATGTTCAGTTGATGA	0
TGCCAAAAAAACCGTTGCTGGCGTTAGCATTGCCTGCCATTGACGGTGAAAAATTGCTGGGATTGATTGGGT	0
TCCAATGGCGCCTTTCACCTGAAGTTGGTTCAAGGAGCCATCAACAAGAATATTAACTTTATCCCATTCCCGCAGTGATTGTGTATCCAATACCGGTAATTCACTGCTGATATGCGACAAATCTGCGTCTACTGCAACACGGTATTTCACCTCGTCCTTTGGAGAAACATCGTCTGAAGG	0
TGAAGCTGGTAAAAGGACAGGTCACGAAAATACCAGCGCCGCTGTAAAAGCGAGCGCCAAATATCCAGAGAAAGCACTATCTTTTTGGCATGAATATCACCATGTTCTGCTTTCGCGCTGATATCACGAATTTCCAGA	0
ACATTCGCCCCCATAGTTTTAATGGGGGCATTTCTCCCGTTGAATACGAGAAGCAATGGGAAGAGGCTAAAAGAATGTCC	0
GGAGCATGCAATCAGATCATAATTCTAATTTTATTTGTTA	0
GTGAACGTGTTAAGGATGTCACAACGCATCCCGCTTTTCGTAATGCGGCTGCCTCTGTTGGTCAGTTATATGATGCCCTGCACTCTCCCGAAACCCACGATACTCTCTGCTGGAATACGGATACCGGCAATGGTGGTTACACACACAAATTTTTCCGTTTCGCCACCAGCACTGATGATATCCGCCAACAACGTGATGCCATTGCTGAATGGTCACGCCAGAATTACGGCTGGATGGGACGTTCACCCGACTATAAAGCTGCTTTCTGCTGCTCATTAGGCGCTTACCCTGAATATTACGGGCAATTCGCTGATAATGCCCGTCTCTGGTATAAACGTATTCAGGAAAGCTGCATTTACTTTAACCATGCCATTGTTAACCCGCCTATTGATCGCCATC	0
GCTGCGGCTCAGGTCTATTTTGGCAAGACAGTGAATGAACTGACGTTGAGTGAGATGGCGATGATCGCCGGATTGCCGAAAGCGCCTTCAACATTTAACCCGCTTTATTCCTATGACCGTGCGATGAGCCGCCGGAATGTGGTATTGGGACGGATGCTG	0
TGTTTGTTAATATTGAAGTCTTTTCCCTTTATGGATAAATATGAGCGTGTTAGTCTTTTTAATGTTTATGTTATCTATAATAAATAACGTTAGCGTT	0
GCTCAGTCAAATTATAACTCTTTAAAATAGGGCGAAAAAAACCCATAGCGGTTTCCCGCGCCTGAAGTAATGCAATAGTCAAGGATTCATGCATAAGTAAAAGTAACTCTTTAAGTTAATTGTTAGTCATTC	0
CAACTGATTAATACATTAATAATGCCTTAAAGCTCTTGTTCGCTTTCTTCATCCATATTTTCCTGAGAATGGTTTCCAATGGCAATAAATTCATCCAATAACACTAAGAGTTG	0
ATAGGGAATCTCTAAAAAGTCCCAATACAAAAAATAAGGTCAATTTTGCACTCACTCATCAATAAATTGACCTTATTGTGTATGACTTTTTCTTGCTTTTTTAGCGG	0
TTTGTGGTATAGCGTGAAGTGCGTGATTCGGCGTTCAATGCGCTAGTTGACAGTATAAAAACGCCCTTTGGGGGTATTTTTAGTTTAAAAAACCTTCATCTTTAGACAAGGGGTTTATGTCTGACAATATCTGCTTTC	0
TCTTTCTTCGGAAGGTTATTCCTATATTCCCAGTCATTATTATAAAAATTTAGATGGAATGAATGAATTTATCGAACTTG	0
TGTTCAATATCAGATAATAGTTCGGGTGGATAGGGATAACCGGTATTAGTCACGCCTAGCTGTTCTCTGCATTCAT	0
TTATATAATCTGAATAAAAATAGCGGCT	0
AAAATTGTGTCCATGAAAATTACCCTGACAGATGCTCAAAAAAACGCGCTCGAATTGATGCCTGATATGACTTGTGATGGACGTGTGCGTGATCGCATTAAGGCCGTGCTTTTGGCATCGGAAGGCTGGACTGCCCAGATGATTGCCTAGGCTTTGCGTAT	0
ATGGGTAGCCAGGTCAGTGAAGAACAAATGAATACCATTTTGGGTTACATTGATCTGGCCAAAAAAGAAGGAGCAAGCATACTGACGGGCGGAAACCGCATAACAGGTGCAGGATACGATGATGGTTTCT	0
CAGCAGCCCTGGGCAGCGCTGGGATTCAACAAAGTGTTGTTAGATCCCGCCC	0
ACAAAGCTGCTCTGTTGCCAGAATAATCCTCGGTCCTGCACGGCTGAACCAGTCATCATTCAGTGCGATGATGTTGACTTTCATTTGTGGTTGCCAGAAATCTGCAACTCGCTGTTTTTGTTCTTCTGTTCCGCCTATCACGATCACTTCTG	0
ACAATCGCGACTTCTTTACCATCAATGC	0
GTTACAAGGCCAGCATGACAGAAAACAGAATGGTCCTAAGTGACAAATTGTCTTTTGTATCAATGGGATAATTTGTA	0
TGATTGTAAAATCACGGCGGGCGGCATCTTCTTCGACTGAACCGAAGATATTATCACGCAGTAAC	0
CGGGATTAACGCGTTTATCGTCTCGAATACGATGGTCGGTATTTTTCAGTACCTGAACCAACAATTTCTCCATTGGTGAATCACCGGTTTGGGTTAAACCGCGTT	0
CGCAACATTAATCTTCCAGCAGGGTAACGTGCCCAATATAAGGCAAATGGCGGTAATGCTGTGCATAATCAATACCGTAACCGATGACAAACTTATCTTCAATCGAATAGCCAATCCATTCAACGGGAACATCGACTTCACGGCGAGAGGGTTTATTCAGCAAAGTACAGATTGCCAGCGAA	0
CATACTCATCGTCCGGCCATTCATGCTATTGAGGTTGATGGTAAAACTGTACATCGCGGTGTACTGGGTGCATGGCATGAACAAGGTTCAATGTTTAAAGTGACAGAAACATCCATTGAGTTGATCTCTTTTCATTTCTGAGCTCGCTTAAATTTTTAAAAAATCGGTAATTCAAA	0
TGGAGGTATTAATTTATTTTTAATTTGAGGATGAATTTTC	0
AATCGGCCATTGAATGGGCTGATGCAAAGCACCCCAATAGTACAACCGTGCGCCGTGA	0
CTAAATGAATTTTGGTAGAAAGTCCTCCCCGACTTTTACCAATGGCTTCATCTTCCACAGAAGCGGCACCTGAACTATGTTGATGAGCCCGAACAATACTGCCATCAATGAATAACCATTCTGTATCTGTATTCTCAGATAATAATTTGAATAATAAATTAAAAATAGCTTTCTTAGACCAATCATTAAAGCGCTTAAAAATGGTGTTCCATTT	0
GTTAGTTATCCTTTGAATGACTATGACAGGCGGTACTTGTACCGCCTGGCTTTTTTGTGGACCATTCCATGAAATGTTGCATATGATTATCATTCATGCCATATACTATGGCTGTCAGATATTTGAGTGGAGCATTGAGGATGAGTAGTAAGAAGTATGGTGTCCTATTGGTAAATCTTGGTACACCAGATGCACCAACACCAACAGAAGTAAGGCGTTATCTGGCAAAGTTTCTAAGTGACAGAAGGGTCGTTGATATCCCATCATTAATTTGGAAGCCTATCTTGTACGGTTTTATCCTTCCTTTCCGTTCTCCCCGTGTTGCCAGGCTTTACCAAGAAATCTGGACGGGCGAAGGCTCTCCTCTGTTGGTTTATAGTCGTCGGCAGCGAAAGCTACTGGATGAAAAATTAGCAGATATTCCCGTTGTGTTAGGCATGACTTATGGTTCACCTTCCTTGTCTCAGGCGATTGATAATCTGCTGCTGCAAGATATTGATGAGCTGATTATATTGCCACTTTATCCTCAATATTCCAGTACAACCTCAGCGGTCGTATTTGATAGTGTCAGTAAAATATTGCGGGGATATC	0
CAGTATGGTGTGACAGCCAGTCGAATTGCTCATGGTGTTCCCGTGGGTGGTGAGCTTGAAATGGTGGATGGTACTACCTTGTCTCATTCGTTGCTTGGTCGTCAAAAAAT	0
TTATCTTCTGCGTCAATGCTGCTTTTATGGATTTCCAGCGTATCAGTGCCATATTCCAGATCGTAAGTTTCGCTCAATGTTTCACGCGGTAATTTACCTTTTTTGCGGACAGGTACGAAACCAACGCCCAGACGCAGTGCGACAGGCGC	0
AGGCGGCAACTTGCGTTACAGTTGCTTTTTTTCGGTAGTTTGAATAAATTTTACCGTTTTC	0
GGTAACTGTGAAGCCAGCTGTTCCATTAACACCATTGCATCACCGG	0
GGTCTATTTTGTCTAGCATATCTCAATCCTGTAGAAATATTTCCCAAATATA	0
GATAACGGTGAGTATTTTTATGCGCAGGTTGAATATCTTGAATCCCCTGAAATTGATGAGCGTGAACAAGAAGTACTGGTAAGAACGGCCATTAATCAGTTTGAAGGCTATGTCAAACTGAATAAAAAGATCCCGCCGGAAGT	0
AATGTGTCGATTTATGTAATGATATCATTCGCGAAGAAAT	0
TTGCAGATGCGCTACCAGCAAGTTTGCCGGAACTTCACGACCATGCCATTCCTCTGTTTGGCAGGGTAAGATAGTTG	0
ACAAGGTTGGCAATCCGTTCCTTTGTTTGTCACAGCCGCCGTCACCGGAGAAGGTATTGCACCACTCAGAGAATATTTACGTTCTATTCATCAATCACAGCTGACTCACCAGC	0
CGCCTTTATGCCGCTGTACGCACTGGGCTTCATGGGTATGACTCGTCGTCTGAGTCAGGATATCAATCCAGAATTCCATCCAATGCTGGTTGTTGCAGCGGGCGGTGTTGTCTTAATTG	0
ATTATCACCGTCAGCGTATTCAGCAATTTGCGGATGTGATCCGTCAATATGATCAGGATAAAGGCGGCATAACCGCAGTCGGTTTCCGCGATGAATTC	0
AACAAACATAATGACCATTGGATTTTAATGGTTATTGGTATCTTTCCTGAAAACAGCAATCAAAAATTAAATAATAAATATTAAG	0
GATCTACTGAAAATGGAGAAACTGTTCTTTATTGGTGTCGCTCTGATGTCAACGGGATTTATTCTTACCTTCCAGCAAAATACAGTATTCTGGCTATTGCTGTTTGCAATCTGGGC	0
GGCTCCGTCAATACCGCCTTGTCGCTGAGCATGAACGCACAGTACGCGGCAGCTAATGGCCGTGGCGGATTGGGTACTATCATTGTGGCAGCGGGCGGCAACAATC	0
GAAAAACTGAGGGGCTGTGGTTACCTTTTATAATGGTATAGCTATATACATATAT	0
GAAAGTTCAGGAAGAAAAAGAACACTTGCGTTTACCTGCATTGTTTTGCTTTCCCCAGATTTTGCAACATCGTCTGCG	0
CACAAAGAATTTGTCATTGGCACCTAATCCCATGTGAAACAACAAATGCGCTTCCCCTTTTGCCCACAATGCTG	0
GGAAATAGAGTTTGTCATCAGTTATAACCAATTGGAACAATCGGATTTCAATAATTATCCGTTGTTTAATGATGAGTTAGTTCTGGCCGTTTCTAAACATCATCCGAGA	0
GGGCTTTTTCATCATATTACTGAGGGGTTAATGTGAAACTGGATGAGATCGCCCGCTTAGCAGGTGTTTCACGGACTACGGCCAGTTATGTTATCAATG	0
GTTTTGCAGCCCGGTATTGTGGCAACCCTTCCGGATAACGAACCATATGGTCTTCAGTAACATTCAGCACGGTGGCTGCT	0
ATTGCAATCAGGACAGGCAATTGTGACTGGGCTGAAAGAAGCAGGCATTAATGCTT	0
GGGCTCTTCCCGACAGTCGCCTC	0
TGTTAAAAAATCGACAATACTGCGGTTTGCAGGCGGGAATTC	0
GCCTATTTTATGCGCCCCGAACGATCCAGATGATGCACGCCTGTTATCAGAAGTTGCGAACAGTAAAATTGACGAAGTATTTATCGGCTCTTGTATGACCAATATTGGTCACTTCCGCGCGGCGGGTA	0
AAACGGGAGATACCGTCAAGATCCGCCAATCACACGGTGGCTCAGGTAAACAGGCAACATCTGTTATCAATGGCCTTCAGGCTGATGTTGTCA	0
CGGTATTTCTTACACAGCATCCTGAAAGTCCCTGGACATATTCTTCTTACGCATAAGCAGAAATTTTAAATTATTTCAGTGTAATAACACTT	0
TTACGTGTCGCAGGCGGGGCAGAAAAAATAATAGCTGCACTGGCCGGTGCCATTTTCGACAATAATGCCTGACGACGGGATAAATATTCTTGTTTAGTCATACCCTCTCCTGCGATTTAATTATTATTTAGTTGATTATCGCCAAGTTAGTGCAACGTTGGCTTTTCA	0
GTATCCTGTCACGATCGACACCATAATGCCCCACGTCATGTACGTC	0
ATACACAATTTCCAAATTTTGAAATAGCAATATTATTTTGTGATG	0
